protein_id	name
A0A024QZB2	MGC13138
A0A024QZC7	FLJ32130
A0A024QZC8	FLJ23436
A0A024R8B7	CRSP8
A0A0A0N0L4	Klf5
A0A0G2JMD5	PRAMEF33
A0A0U1RQI7	KLF18
A0A1B0GTS1	HSFX4
A0A1B0GVZ6	MBD3L2B
A0A1B0GWH4	HSFX3
A0A1W2PPF3	DUXB
A0A1W2PPM1	CPHXL
A0A2Z4LIS9	FOXO3B
A0A5F9ZHS7	NFILZ
A0AVK6	E2F8
A0JLT2	MED19
A0PJY2	FEZF1
A1A519	FAM170A
A1YPR0	ZBTB7C
A2AJT9	BCLAF3
A2RRD8	ZNF320
A2RU54	HMX2
A3QJZ6	PRAMEF22
A3QJZ7	PRAMEF27
A4D1E1	ZNF804B
A4GXA9	EME2
A5HJR3	LOC126295
A5PL33	KRBA1
A5YKK6	CNOT1
A6H8Y1	BDP1
A6NCS4	NKX2-6
A6ND36	FAM83G
A6NDZ8	MBD3L4
A6NE82	MBD3L3
A6NFC5	TMEM235
A6NFD8	HELT
A6NFI3	ZNF316
A6NFQ7	DPRX
A6NGH7	CCDC160
A6NGN4	PRAMEF25
A6NHJ4	ZNF860
A6NHT5	HMX3
A6NI15	MSGN1
A6NIX2	WTIP
A6NJ08	MBD3L5
A6NJ46	NKX6-3
A6NJG6	ARGFX
A6NJL1	ZSCAN5B
A6NJT0	UNCX
A6NK06	ACOD1
A6NK53	ZNF233
A6NK75	ZNF98
A6NKF2	ARID3C
A6NLW8	DUXA
A6NM28	ZFP92
A6NMK7	CPSF4L
A6NMT0	DBX1
A6NN14	ZNF729
A6NNA5	DRGX
A6NNF4	ZNF726
A6NP11	ZNF716
A8K0R7	ZNF839
A8K8V0	ZNF785
A8MQ14	ZNF850
A8MT65	ZNF891
A8MT69	CENPX
A8MTJ6	FOXI3
A8MTQ0	NOTO
A8MUV8	ZNF727
A8MUZ8	ZNF705G
A8MV65	VGLL3
A8MWA4	ZNF705E
A8MXY4	ZNF99
A8MYZ6	FOXO6
A8MZ59	LEUTX
A9YTQ3	AHRR
B1APH4	ZNF487
B1Q2B0	URCC5
B2CW77	KLLN
B2RD01	CENPBD1
B2RXF5	ZBTB42
B2RXH2	KDM4E
B2RXH8	HNRNPCL2
B4DU55	ZNF879
B4DX44	ZNF736
B4DXR9	ZNF732
B5ME19	EIF3CL
B7Z6K7	ZNF814
C0SQ93	ERRgamma
C4PGM0	Sp1
C9JBD0	KRBOX1
C9JCN9	HSBP1L1
C9JLR9	ZFTA
C9JN71	ZNF878
C9JSJ3	MEIOSIN
D5K9S7	POU5F1P3
D5K9W5	POU5F1P4
D6RGH6	MCIDAS
E7ETH6	ZNF587B
E9PAV3	NACA
E9PGG2	ANHX
F1D8P8	NR1i1
F1D8P9	NR1i2
G4VV16	AR8
L8B7P7	ATL1-alpha
O00110	OVOL3
O00141	SGK1
O00151	PDLIM1
O00165	HAX1
O00167	EYA2
O00170	AIP
O00182	LGALS9
O00206	TLR4
O00213	APBB1
O00221	NFKBIE
O00231	PSMD11
O00232	PSMD12
O00233	PSMD9
O00237	RNF103
O00255	MEN1
O00257	CBX4
O00267	SUPT5H
O00268	TAF4
O00287	RFXAP
O00291	HIP1
O00294	TULP1
O00295	TULP2
O00308	WWP2
O00321	ETV2
O00327	ARNTL
O00358	FOXE1
O00401	WASL
O00409	FOXN3
O00411	POLRMT
O00422	SAP18
O00458	IFRD1
O00459	PIK3R2
O00463	TRAF5
O00470	MEIS1
O00472	ELL2
O00478	BTN3A3
O00482	NR5A2
O00488	ZNF593
O00499	BIN1
O00512	BCL9
O00541	PES1
O00570	SOX1
O00571	DDX3X
O00625	PIR
O00635	TRIM38
O00712	NFIB
O00716	E2F3
O00744	WNT10B
O14495	PLPP3
O14497	ARID1A
O14503	BHLHE40
O14529	CUX2
O14545	TRAFD1
O14593	RFXANK
O14607	UTY
O14627	CDX4
O14628	ZNF195
O14640	DVL1
O14641	DVL2
O14646	CHD1
O14647	CHD2
O14682	ENC1
O14686	KMT2D
O14709	ZNF197
O14744	PRMT5
O14746	TERT
O14753	OVOL1
O14757	CHEK1
O14770	MEIS2
O14771	ZNF213
O14776	TCERG1
O14777	NDC80
O14788	TNFSF11
O14802	POLR3A
O14813	PHOX2A
O14862	AIM2
O14867	BACH1
O14896	IRF6
O14901	KLF11
O14907	TAX1BP3
O14920	IKBKB
O14929	HAT1
O14936	CASK
O14948	TFEC
O14974	PPP1R12A
O14978	ZNF263
O14979	HNRNPDL
O14980	XPO1
O14981	BTAF1
O15014	ZNF609
O15015	ZNF646
O15016	TRIM66
O15031	PLXNB2
O15047	SETD1A
O15054	KDM6B
O15055	PER2
O15060	ZBTB39
O15062	ZBTB5
O15078	CEP290
O15090	ZNF536
O15105	SMAD7
O15111	CHUK
O15119	TBX3
O15151	MDM4
O15156	ZBTB7B
O15162	PLSCR1
O15164	TRIM24
O15169	AXIN1
O15178	TBXT
O15198	SMAD9
O15209	ZBTB22
O15226	NKRF
O15231	ZNF185
O15245	SLC22A1
O15265	ATXN7
O15266	SHOX
O15294	OGT
O15303	GRM6
O15304	SIVA1
O15318	POLR3G
O15344	MID1
O15347	HMGB3
O15350	TP73
O15353	FOXN1
O15360	FANCA
O15370	SOX12
O15379	HDAC3
O15391	YY2
O15392	BIRC5
O15405	TOX3
O15409	FOXP2
O15417	TNRC18
O15455	TLR3
O15496	PLA2G10
O15499	GSC2
O15504	NUP42
O15516	CLOCK
O15519	CFLAR
O15522	NKX2-8
O15525	MAFG
O15527	OGG1
O15530	PDPK1
O15534	PER1
O15535	ZSCAN9
O15541	RNF113A
O15550	KDM6A
O15553	MEFV
O43147	SGSM2
O43151	TET3
O43157	PLXNB1
O43159	RRP8
O43167	ZBTB24
O43172	PRPF4
O43186	CRX
O43187	IRAK2
O43189	PHF1
O43245	p65
O43248	HOXC11
O43251	RBFOX2
O43255	SIAH2
O43283	MAP3K13
O43290	SART1
O43293	DAPK3
O43294	TGFB1I1
O43296	ZNF264
O43298	ZBTB43
O43299	AP5Z1
O43309	ZSCAN12
O43313	ATMIN
O43316	PAX4
O43318	MAP3K7
O43345	ZNF208
O43353	RIPK2
O43361	ZNF749
O43364	HOXA2
O43365	HOXA3
O43422	THAP12
O43435	TBX1
O43439	CBFA2T2
O43462	MBTPS2
O43463	SUV39H1
O43474	KLF4
O43513	MED7
O43524	FOXO3
O43541	SMAD6
O43542	XRCC3
O43566	RGS14
O43567	RNF13
O43593	HR
O43623	SNAI2
O43638	FOXS1
O43660	PLRG1
O43670	ZNF207
O43679	LDB2
O43680	TCF21
O43707	ACTN4
O43709	BUD23
O43711	TLX3
O43719	HTATSF1
O43763	TLX2
O43812	DUX1
O43815	STRN
O43823	AKAP8
O43829	ZBTB14
O43889	CREB3
O43900	PRICKLE3
O43918	AIRE
O60216	RAD21
O60224	SSX4,SSX4B
O60225	SSX5
O60244	MED14
O60248	SOX15
O60260	PRKN
O60264	SMARCA5
O60281	ZNF292
O60284	ST18
O60290	ZNF862
O60296	TRAK2
O60304	ZNF500
O60315	ZEB2
O60341	KDM1A
O60353	FZD6
O60356	NUPR1
O60381	HBP1
O60393	NOBOX
O60422	ONECUT3
O60469	DSCAM
O60479	DLX3
O60481	ZIC3
O60486	PLXNC1
O60504	SORBS3
O60519	CREBL2
O60543	CIDEA
O60548	FOXD2
O60563	CCNT1
O60565	GREM1
O60583	CCNT2
O60603	TLR2
O60662	KLHL41
O60663	LMX1B
O60674	JAK2
O60675	MAFK
O60678	PRMT3
O60682	MSC
O60684	KPNA6
O60711	LPXN
O60716	CTNND1
O60765	ZNF354A
O60806	TBX19
O60809	PRAMEF10
O60810	PRAMEF4
O60811	PRAMEF2
O60813	PRAMEF11
O60828	PQBP1
O60829	PAGE4
O60858	TRIM13
O60861	GAS7
O60869	EDF1
O60870	KIN
O60885	BRD4
O60902	SHOX2
O60907	TBL1X
O60925	PFDN1
O60930	RNASEH1
O75030	MITF
O75031	HSF2BP
O75051	PLXNA2
O75081	CBFA2T3
O75123	ZNF623
O75132	ZBED4
O75140	DEPDC5
O75151	PHF2
O75152	ZC3H11A
O75157	TSC22D2
O75164	KDM4A
O75175	CNOT3
O75177	SS18L1
O75182	SIN3B
O75197	LRP5
O75290	ZNF780A
O75312	ZPR1
O75333	TBX10
O75346	ZNF253
O75360	PROP1
O75362	ZNF217
O75364	PITX3
O75367	MACROH2A1
O75373	ZNF737
O75376	NCOR1
O75381	PEX14
O75382	TRIM3
O75386	TULP3
O75398	DEAF1
O75410	TACC1
O75417	POLQ
O75419	CDC45
O75437	ZNF254
O75444	MAF
O75446	SAP30
O75448	MED24
O75460	ERN1
O75461	E2F6
O75467	ZNF324
O75469	NR1I2
O75475	PSIP1
O75478	TADA2A
O75486	SUPT3H
O75494	SRSF10
O75496	GMNN
O75506	HSBP1
O75525	KHDRBS3
O75528	TADA3
O75529	TAF5L
O75530	EED
O75531	BANF1
O75534	CSDE1
O75541	ZNF821
O75564	JRK
O75581	LRP6
O75582	RPS6KA5
O75586	MED6
O75592	MYCBP2
O75593	FOXH1
O75603	GCM2
O75604	USP2
O75607	NPM3
O75626	PRDM1
O75629	CREG1
O75676	RPS6KA4
O75679	RFPL3
O75716	STK16
O75717	WDHD1
O75800	ZMYND10
O75808	CAPN15
O75820	ZNF189
O75832	PSMD10
O75840	KLF7
O75884	RBBP9
O75909	CCNK
O75916	RGS9
O75925	PIAS1
O75928	PIAS2
O75953	DNAJB5
O75971	SNAPC5
O76024	WFS1
O76064	RNF8
O76071	CIAO1
O76080	ZFAND5
O76081	RGS20
O94762	RECQL5
O94763	URI1
O94776	MTA2
O94805	ACTL6B
O94810	RGS11
O94822	LTN1
O94842	TOX4
O94850	DDN
O94864	SUPT7L
O94874	UFL1
O94875	SORBS2
O94880	PHF14
O94892	ZNF432
O94900	TOX
O94906	PRPF6
O94916	NFAT5
O94953	KDM4B
O94972	TRIM37
O94983	CAMTA2
O94992	HEXIM1
O94993	SOX30
O95076	ALX3
O95096	NKX2-2
O95125	ZNF202
O95159	ZFPL1
O95163	ELP1
O95201	ZNF205
O95218	ZRANB2
O95231	VENTX
O95238	SPDEF
O95243	MBD4
O95251	KAT7
O95271	TNKS
O95343	SIX3
O95361	TRIM16
O95365	ZBTB7A
O95376	ARIH2
O95398	RAPGEF3
O95402	MED26
O95409	ZIC2
O95416	SOX14
O95459	hic-1
O95475	SIX6
O95503	CBX6
O95521	PRAMEF1
O95522	PRAMEF12
O95551	TDP2
O95600	KLF8
O95619	YEATS4
O95625	ZBTB11
O95626	ANP32D
O95628	CNOT4
O95639	CPSF4
O95644	NFATC1
O95677	EYA4
O95696	BRD1
O95704	APBB3
O95718	ESRRB
O95751	LDOC1
O95780	ZNF682
O95785	WIZ
O95786	DDX58
O95789	ZMYM6
O95861	BPNT1
O95863	SNAI1
O95905	ECD
O95931	CBX7
O95935	TBX18
O95936	EOMES
O95947	TBX6
O95948	ONECUT2
O95983	MBD3
O95996	APC2
O95997	PTTG1
O95999	BCL10
O96004	HAND1
O96006	ZBED1
O96017	CHEK2
O96019	ACTL6A
O96028	NSD2
P00374	DHFR
P00519	ABL1
P00533	EGFR
P01019	AGT
P01100	FOS
P01106	MYC
P01112	HRAS
P01116	KRAS
P01137	TGFB1
P01270	PTH
P01308	INS
P01375	TNF
P01574	IFNB1
P01584	IL1B
P01889	HLA-B
P01911	HLA-DRB1
P01920	HLA-DQB1
P02545	LMNA
P02788	LTF
P02810	PRH1,PRH2
P03372	ESR1
P03971	AMH
P04040	CAT
P04049	RAF1
P04053	DNTT
P04054	PLA2G1B
P04150	NR3C1
P04156	PRNP
P04198	MYCN
P04234	CD3D
P04626	ERBB2
P04628	WNT1
P04629	NTRK1
P04637	TP53
P05067	APP
P05107	ITGB2
P05109	S100A8
P05112	IL4
P05113	IL5
P05114	HMGN1
P05204	HMGN2
P05230	FGF1
P05231	IL6
P05305	EDN1
P05362	ICAM1
P05412	JUN
P05455	SSB
P05538	HLA-DQB2
P05546	SERPIND1
P05549	TFAP2A
P05771	PRKCB
P06213	INSR
P06280	GLA
P06400	RB1
P06401	PGR
P06493	CDK1
P06702	S100A9
P06727	APOA4
P06733	ENO1
P06746	POLB
P06748	NPM1
P07199	CENPB
P07305	H1-0
P07550	ADRB2
P07737	PFN1
P07910	HNRNPC
P07988	SFTPB
P08047	SP1
P08048	ZFY
P08151	GLI1
P08235	NR3C2
P08246	ELANE
P08567	PLEK
P08581	MET
P08621	SNRNP70
P08631	HCK
P08651	NFIC
P08F94	PKHD1
P09016	HOXD4
P09017	HOXC4
P09038	FGF2
P09067	HOXB5
P09086	POU2F2
P09234	SNRPC
P09429	HMGB1
P09430	TNP1
P09467	FBP1
P09525	ANXA4
P09544	WNT2
P09601	HMOX1
P09629	HOXB7
P09630	HOXC6
P09651	HNRNPA1
P09874	PARP1
P09884	POLA1
P0C0S5	H2AZ1
P0C6A0	ZGLP1
P0C7M4	RHOXF2B
P0C7V6	SUPT20HL2
P0C7X2	ZNF688
P0C7X5	ZNF806
P0C860	MSL3P1
P0CB33	ZNF735
P0CB47	UBTFL1
P0CF97	FAM200B
P0CG00	ZSCAN5DP
P0CG23	ZNF853
P0CG24	ZNF883
P0CG31	ZNF286B
P0CG32	ZCCHC18
P0CG40	SP9
P0CG47	UBB
P0CG48	UBC
P0CH99	ZNF705D
P0CI00	ZNF705B
P0CI25	TRIM49
P0CJ78	ZNF865
P0CJ79	ZNF888
P0DI81	TRAPPC2
P0DKX0	ZNF728
P0DME0	SETSIP
P0DMV8	HSPA1A
P0DMV9	HSPA1B
P0DMW2	NLRP2B
P0DP91	ERCC6
P0DPD5	ZNF723
P10070	GLI2
P10071	GLI3
P10072	ZNF875
P10073	ZSCAN22
P10074	ZBTB48
P10075	GLI4
P10153	RNASE2
P10163	PRB4
P10242	MYB
P10243	MYBL1
P10244	MYBL2
P10275	AR
P10276	RARA
P10412	H1-4
P10588	NR2F6
P10589	NR2F1
P10599	TXN
P10721	KIT
P10745	RBP3
P10809	HSPD1
P10826	RARB
P10827	THRA
P10828	THRB
P10909	CLU
P10914	IRF1
P11021	HSPA5
P11142	HSPA8
P11161	EGR2
P11308	ERG
P11309	PIM1
P11362	FGFR1
P11387	TOP1
P11388	TOP2A
P11473	VDR
P11474	ESRRA
P11487	FGF3
P11831	SRF
P12004	PCNA
P12270	TPR
P12429	ANXA3
P12524	MYCL
P12643	BMP2
P12644	BMP4
P12755	SKI
P12757	SKIL
P12814	ACTN1
P12931	SRC
P12956	XRCC6
P12980	LYL1
P13010	XRCC5
P13051	UNG
P13056	NR2C1
P13349	MYF5
P13378	HOXD8
P13631	RARG
P13646	KRT13
P13682	ZNF35
P13984	GTF2F2
P14316	IRF2
P14317	HCLS1
P14373	TRIM27
P14618	PKM
P14651	HOXB3
P14652	HOXB2
P14653	HOXB1
P14859	POU2F1
P14866	HNRNPL
P14921	ETS1
P14923	JUP
P15036	ETS2
P15090	FABP4
P15172	MYOD1
P15173	MYOG
P15311	EZR
P15313	ATP6V1B1
P15336	ATF2
P15407	FOSL1
P15408	FOSL2
P15498	VAV1
P15621	ZNF44
P15622	ZNF250
P15692	VEGFA
P15822	HIVEP1
P15863	PAX1
P15884	TCF4
P15918	RAG1
P15923	TCF3
P15924	DSP
P15927	RPA2
P15941	MUC1
P15976	GATA1
P16220	CREB1
P16298	PPP3CB
P16333	NCK1
P16383	GCFC2
P16401	H1-5
P16402	H1-3
P16403	H1-2
P16415	ZNF823
P16455	MGMT
P16591	FER
P16671	CD36
P16989	YBX3
P17010	ZFX
P17014	ZNF12
P17017	ZNF14
P17019	ZNF708
P17020	ZNF16
P17021	ZNF17
P17022	ZNF18
P17023	ZNF19
P17024	ZNF20
P17025	ZNF182
P17026	ZNF22
P17027	ZNF23
P17028	ZNF24
P17029	ZKSCAN1
P17030	ZNF25
P17031	ZNF26
P17032	ZNF37A
P17035	ZNF28
P17036	ZNF3
P17038	ZNF43
P17039	ZNF30
P17040	ZSCAN20
P17041	ZNF32
P17096	HMGA1
P17097	ZNF7
P17098	ZNF8
P17275	JUNB
P17480	UBTF
P17481	HOXB8
P17482	HOXB9
P17483	HOXB4
P17509	HOXB6
P17535	JUND
P17542	TAL1
P17544	ATF7
P17676	CEBPB
P17813	ENG
P17844	DDX5
P17861	XBP1
P17947	SPI1
P17980	PSMC3
P18074	ERCC2
P18075	BMP7
P18124	RPL7
P18146	EGR1
P18583	SON
P18615	NELFE
P18846	ATF1
P18847	ATF3
P18848	ATF4
P18850	ATF6
P18858	LIG1
P19338	NCL
P19388	POLR2E
P19419	ELK1
P19447	ERCC3
P19474	TRIM21
P19484	TFEB
P19525	EIF2AK2
P19532	TFE3
P19544	WT1
P19622	EN2
P19784	CSNK2A2
P19793	RXRA
P19838	NFKB1
P20226	TBP
P20248	CCNA2
P20264	POU3F3
P20265	POU3F2
P20290	BTF3
P20393	NR1D1
P20585	MSH3
P20618	PSMB1
P20719	HOXA5
P20749	BCL3
P20794	MAK
P20807	CAPN3
P20823	HNF1A
P20929	NEB
P21127	CDK11B
P21291	CSRP1
P21333	FLNA
P21359	NF1
P21506	ZNF10
P21580	TNFAIP3
P21675	TAF1
P21802	FGFR2
P22301	IL10
P22392	NME2
P22415	USF1
P22492	H1-6
P22626	HNRNPA2B1
P22670	RFX1
P22681	CBL
P22736	NR4A1
P23025	XPA
P23193	TCEA1
P23246	SFPQ
P23297	S100A1
P23409	MYF6
P23497	SP100
P23510	TNFSF4
P23511	NFYA
P23759	PAX7
P23760	PAX3
P23769	GATA2
P23771	GATA3
P24278	ZBTB25
P24385	CCND1
P24468	NR2F2
P24522	GADD45A
P24723	PRKCH
P24863	CCNC
P24864	CCNE1
P24928	POLR2A
P24941	CDK2
P25205	MCM3
P25208	NFYB
P25440	BRD2
P25490	YY1
P25685	DNAJB1
P25789	PSMA4
P25791	LMO2
P25800	LMO1
P25942	CD40
P25963	NFKBIA
P26358	DNMT1
P26367	PAX6
P26368	U2AF2
P26371	KRTAP5-9
P26583	HMGB2
P26599	PTBP1
P26651	ZFP36
P27361	MAPK3
P27540	ARNT
P27694	RPA1
P27695	APEX1
P27797	CALR
P27986	PIK3R1
P28069	POU1F1
P28070	PSMB4
P28324	ELK4
P28328	PEX2
P28347	TEAD1
P28356	HOXD9
P28358	HOXD10
P28360	MSX1
P28370	SMARCA1
P28482	MAPK1
P28698	MZF1
P28702	RXRB
P28749	RBL1
P29083	GTF2E1
P29084	GTF2E2
P29122	PCSK6
P29372	MPG
P29373	CRABP2
P29374	ARID4A
P29375	KDM5A
P29558	RBMS1
P29590	PML
P29965	CD40LG
P30044	PRDX5
P30048	PRDX3
P30153	PPP2R1A
P30876	POLR2B
P31146	CORO1A
P31249	HOXD3
P31260	HOXA10
P31267	HOXA6
P31268	HOXA7
P31269	HOXA9
P31270	HOXA11
P31271	HOXA13
P31273	HOXC8
P31274	HOXC9
P31275	HOXC12
P31276	HOXC13
P31277	HOXD11
P31314	TLX1
P31350	RRM2
P31483	TIA1
P31629	HIVEP2
P31749	AKT1
P31751	AKT2
P31941	APOBEC3A
P31946	YWHAB
P32121	ARRB2
P32242	OTX1
P32243	OTX2
P32248	CCR7
P32314	FOXN2
P32519	ELF1
P32780	GTF2H1
P32929	CTH
P33076	CIITA
P33992	MCM5
P33993	MCM7
P35222	CTNNB1
P35226	BMI1
P35227	PCGF2
P35232	PHB
P35243	RCVRN
P35244	RPA3
P35251	RFC1
P35269	GTF2F1
P35398	RORA
P35452	HOXD12
P35453	HOXD13
P35548	MSX2
P35555	FBN1
P35609	ACTN2
P35637	FUS
P35638	DDIT3
P35659	DEK
P35680	HNF1B
P35711	SOX5
P35712	SOX6
P35713	SOX18
P35716	SOX11
P35789	ZNF93
P35813	PPM1A
P35869	AHR
P35968	KDR
P35998	PSMC2
P36402	TCF7
P36406	TRIM23
P36507	MAP2K2
P36508	ZNF76
P36894	BMPR1A
P36956	SREBF1
P37198	NUP62
P37231	PPARG
P37235	HPCAL1
P37275	ZEB1
P37840	SNCA
P38159	RBMX
P38398	BRCA1
P38935	IGHMBP2
P38936	CDKN1A
P39687	ANP32A
P39748	FEN1
P39880	CUX1
P39900	MMP12
P40305	IFI27
P40337	VHL
P40424	PBX1
P40425	PBX2
P40426	PBX3
P40763	STAT3
P40879	SLC26A3
P41134	ID1
P41143	OPRD1
P41161	ETV5
P41162	ETV3
P41182	BCL6
P41212	ETV6
P41218	MNDA
P41221	WNT5A
P41223	BUD31
P41225	SOX3
P41229	KDM5C
P41235	HNF4A
P41440	SLC19A1
P41743	PRKCI
P41970	ELK3
P42224	STAT1
P42226	STAT6
P42229	STAT5A
P42345	MTOR
P42568	MLLT3
P42681	TXK
P42685	FRK
P42694	HELZ
P42704	LRPPRC
P42771	CDKN2A
P42772	CDKN2B
P43146	DCC
P43243	MATR3
P43246	MSH2
P43268	ETV4
P43354	NR4A2
P43355	MAGEA1
P43356	MAGEA2,MAGEA2B
P43405	SYK
P43489	TNFRSF4
P43686	PSMC4
P43694	GATA4
P43699	NKX2-1
P45973	CBX5
P45983	MAPK8
P45984	MAPK9
P46063	RECQL
P46087	NOP2
P46100	ATRX
P46108	CRK
P46527	CDKN1B
P46531	NOTCH1
P46734	MAP2K3
P46937	YAP1
P46940	IQGAP1
P47902	CDX1
P47928	ID4
P47974	ZFP36L2
P47992	XCL1
P48378	RFX2
P48380	RFX3
P48382	RFX5
P48431	SOX2
P48436	SOX9
P48443	RXRG
P48552	NRIP1
P48742	LHX1
P48788	TNNI2
P49023	PXN
P49116	NR2C2
P49335	POU3F4
P49336	CDK8
P49407	ARRB1
P49450	CENPA
P49454	CENPF
P49591	SARS1
P49639	HOXA1
P49640	EVX1
P49643	PRIM2
P49711	CTCF
P49715	CEBPA
P49716	CEBPD
P49750	YLPM1
P49758	RGS6
P49768	PSEN1
P49773	HINT1
P49789	FHIT
P49802	RGS7
P49815	TSC2
P49841	GSK3B
P49848	TAF6
P49910	ZNF165
P49916	LIG3
P49918	CDKN1C
P50219	MNX1
P50221	MEOX1
P50222	MEOX2
P50238	CRIP1
P50458	LHX2
P50461	CSRP3
P50539	MXI1
P50548	ERF
P50549	ETV1
P50553	ASCL1
P50570	DNM2
P50607	TUB
P50613	CDK7
P50616	TOB1
P50748	KNTC1
P50750	CDK9
P50876	RNF144A
P50991	CCT4
P51397	DAP
P51449	RORC
P51504	ZNF80
P51508	ZNF81
P51522	ZNF83
P51523	ZNF84
P51530	DNA2
P51531	SMARCA2
P51532	SMARCA4
P51587	BRCA2
P51608	MECP2
P51610	HCFC1
P51617	IRAK1
P51668	UBE2D1
P51692	STAT5B
P51786	ZNF157
P51805	PLXNA3
P51812	RPS6KA3
P51814	ZNF41
P51815	ZNF75D
P51816	AFF2
P51825	AFF1
P51826	AFF3
P51843	NR0B1
P51858	HDGF
P51946	CCNH
P51948	MNAT1
P51991	HNRNPA3
P52434	POLR2H
P52435	POLR2J
P52564	MAP2K6
P52630	STAT2
P52655	GTF2A1
P52657	GTF2A2
P52701	MSH6
P52736	ZNF133
P52737	ZNF136
P52738	ZNF140
P52739	ZNF131
P52740	ZNF132
P52741	ZNF134
P52742	ZNF135
P52744	ZNF138
P52746	ZNF142
P52747	ZNF143
P52756	RBM5
P52824	DGKQ
P52926	HMGA2
P52943	CRIP2
P52945	PDX1
P52948	NUP98
P52951	GBX2
P52952	NKX2-5
P52954	LBX1
P53004	BLVRA
P53350	PLK1
P53539	FOSB
P53567	CEBPG
P53778	MAPK12
P53779	MAPK10
P53801	PTTG1IP
P53803	POLR2K
P53805	RCAN1
P53999	SUB1
P54098	POLG
P54132	BLM
P54198	HIRA
P54252	ATXN3
P54259	ATN1
P54274	TERF1
P54277	PMS1
P54368	OAZ1
P54646	PRKAA2
P54756	EPHA5
P54821	PRRX1
P54845	NRL
P55055	NR1H2
P55196	AFDN
P55197	MLLT10
P55198	MLLT6
P55199	ELL
P55201	BRPF1
P55265	ADAR
P55316	FOXG1
P55317	FOXA1
P55318	FOXA3
P55345	PRMT2
P55347	PKNOX1
P55771	PAX9
P56177	DLX1
P56178	DLX5
P56179	DLX6
P56270	MAZ
P56524	HDAC4
P56545	CTBP2
P56645	PER3
P56693	SOX10
P56704	WNT3A
P56705	WNT4
P56915	GSC
P57059	SIK1
P57071	PRDM15
P57073	SOX8
P57078	RIPK4
P57082	TBX4
P57086	SCAND1
P57682	KLF3
P57721	PCBP3
P57723	PCBP4
P57740	NUP107
P58012	FOXL2
P58215	LOXL3
P58304	VSX2
P58317	ZNF121
P58546	MTPN
P58753	TIRAP
P59046	NLRP12
P59817	ZNF280A
P59923	ZNF445
P60002	ELOF1
P60484	PTEN
P60709	ACTB
P60900	PSMA6
P61077	UBE2D3
P61086	UBE2K
P61088	UBE2N
P61129	ZC3H6
P61201	COPS2
P61221	ABCE1
P61244	MAX
P61296	HAND2
P61371	ISL1
P61457	PCBD1
P61586	RHOA
P61601	NCALD
P61925	PKIA
P61956	SUMO2
P61964	WDR5
P61968	LMO4
P61978	HNRNPK
P62166	NCS1
P62191	PSMC1
P62195	PSMC5
P62263	RPS14
P62324	BTG1
P62333	PSMC6
P62380	TBPL1
P62424	RPL7A
P62508	ESRRG
P62633	CNBP
P62826	RAN
P62837	UBE2D2
P62875	POLR2L
P62877	RBX1
P62979	RPS27A
P62987	UBA52
P63010	AP2B1
P63098	PPP3R1
P63146	UBE2B
P63165	SUMO1
P63167	DYNLL1
P63272	SUPT4H1
P63279	UBE2I
P67775	PPP2CA
P67809	YBX1
P68036	UBE2L3
P68104	EEF1A1
P68400	CSNK2A1
P78317	RNF4
P78325	ADAM8
P78332	RBM6
P78337	PITX1
P78347	GTF2I
P78364	PHC1
P78367	NKX3-2
P78395	PRAME
P78396	CCNA1
P78411	IRX5
P78412	IRX6
P78413	IRX4
P78414	IRX1
P78415	IRX3
P78424	POU6F2
P78426	NKX6-1
P78509	RELN
P78527	PRKDC
P78537	BLOC1S1
P78543	BTG2
P78545	ELF3
P79483	HLA-DRB3
P79522	PRR3
P80511	S100A12
P80723	BASP1
P81133	SIM1
P81408	FAM189B
P81877	SSBP2
P82094	TMF1
P82979	SARNP
P83881	RPL36A
P83916	CBX1
P84022	SMAD3
P84074	HPCA
P84243	H3-3A,H3-3B
P84550	SKOR1
P85037	FOXK1
P86452	ZBED6
P98082	DAB2
P98161	PKD1
P98168	ZXDA
P98169	ZXDB
P98170	XIAP
P98174	FGD1
P98175	RBM10
P98177	FOXO4
P98182	ZNF200
Q00056	HOXA4
Q00059	TFAM
Q00403	GTF2B
Q00444	HOXC5
Q00535	CDK5
Q00577	PURA
Q00604	NDP
Q00613	HSF1
Q00653	NFKB2
Q00839	HNRNPU
Q00978	IRF9
Q00987	MDM2
Q01081	U2AF1
Q01085	TIAL1
Q01094	E2F1
Q01101	INSM1
Q01105	SET
Q01130	SRSF2
Q01167	FOXK2
Q01196	RUNX1
Q01201	RELB
Q01538	MYT1
Q01543	FLI1
Q01658	DR1
Q01664	TFAP4
Q01826	SATB1
Q01831	XPC
Q01844	EWSR1
Q01850	CDR2
Q01851	POU4F1
Q01860	POU5F1
Q01892	SPIB
Q01954	BNC1
Q01959	SLC6A3
Q02040	AKAP17A
Q02078	MEF2A
Q02080	MEF2B
Q02086	SP2
Q02297	NRG1
Q02363	ID2
Q02386	ZNF45
Q02446	SP4
Q02447	SP3
Q02535	ID3
Q02539	H1-1
Q02548	PAX5
Q02556	IRF8
Q02575	NHLH1
Q02577	NHLH2
Q02750	MAP2K1
Q02779	MAP3K10
Q02833	RASSF7
Q02880	TOP2B
Q02930	CREB5
Q02962	PAX2
Q03014	HHEX
Q03052	POU3F1
Q03060	CREM
Q03111	MLLT1
Q03112	MECOM
Q03164	KMT2A
Q03181	PPARD
Q03701	CEBPZ
Q03828	EVX2
Q03923	ZNF85
Q03924	ZNF117
Q03933	HSF2
Q03936	ZNF92
Q03938	ZNF90
Q03989	ARID5A
Q04118	PRB3
Q04206	RELA
Q04695	KRT17
Q04721	NOTCH2
Q04724	TLE1
Q04725	TLE2
Q04726	TLE3
Q04727	TLE4
Q04741	EMX1
Q04743	EMX2
Q04759	PRKCQ
Q04864	REL
Q04912	MST1R
Q05066	SRY
Q05086	UBE3A
Q05195	MXD1
Q05215	EGR4
Q05481	ZNF91
Q05513	PRKCZ
Q05516	ZBTB16
Q05823	RNASEL
Q05925	EN1
Q05BQ5	MBTD1
Q05D32	CTDSPL2
Q06187	BTK
Q06265	EXOSC9
Q06330	RBPJ
Q06413	MEF2C
Q06416	POU5F1B
Q06455	RUNX1T1
Q06546	GABPA
Q06547	GABPB1
Q06587	RING1
Q06609	RAD51
Q06710	PAX8
Q06730	ZNF33A
Q06732	ZNF33B
Q06889	EGR3
Q06945	SOX4
Q07021	C1QBP
Q07352	ZFP36L1
Q07666	KHDRBS1
Q07687	DLX2
Q07869	PPARA
Q08050	FOXM1
Q08117	TLE5
Q08209	PPP3CA
Q08211	DHX9
Q08752	PPID
Q08945	SSRP1
Q08999	RBL2
Q08AG5	ZNF844
Q08AN1	ZNF616
Q08ER8	ZNF543
Q09028	RBBP4
Q09472	EP300
Q09FC8	ZNF415
Q0D2J5	ZNF763
Q0D2K3	RIPPLY1
Q0VG99	MESP2
Q0VGE8	ZNF816
Q10571	MN1
Q10586	DBP
Q10587	TEF
Q12766	HMGXB3
Q12772	SREBF2
Q12774	ARHGEF5
Q12778	FOXO1
Q12789	GTF3C1
Q12796	PNRC1
Q12800	TFCP2
Q12824	SMARCB1
Q12830	BPTF
Q12837	POU4F2
Q12857	NFIA
Q12870	TCF15
Q12872	SFSWAP
Q12873	CHD3
Q12874	SF3A3
Q12888	TP53BP1
Q12891	HYAL2
Q12899	TRIM26
Q12901	ZNF155
Q12905	ILF2
Q12906	ILF3
Q12933	TRAF2
Q12946	FOXF1
Q12947	FOXF2
Q12948	FOXC1
Q12950	FOXD4
Q12951	FOXI1
Q12952	FOXL1
Q12962	TAF10
Q12968	NFATC3
Q12983	BNIP3
Q12986	NFX1
Q13015	MLLT11
Q13017	ARHGAP5
Q13029	PRDM2
Q13033	STRN3
Q13045	FLII
Q13049	TRIM32
Q13064	MKRN3
Q13077	TRAF1
Q13084	MRPL28
Q13105	ZBTB17
Q13106	ZNF154
Q13112	CHAF1B
Q13114	TRAF3
Q13118	KLF10
Q13127	REST
Q13129	RLF
Q13131	PRKAA1
Q13133	NR1H3
Q13148	TARDBP
Q13156	RPA4
Q13163	MAP2K5
Q13164	MAPK7
Q13185	CBX3
Q13188	STK3
Q13207	TBX2
Q13216	ERCC8
Q13227	GPS2
Q13263	TRIM28
Q13285	NR5A1
Q13287	NMI
Q13315	ATM
Q13330	MTA1
Q13342	SP140
Q13351	KLF1
Q13352	ITGB3BP
Q13360	ZNF177
Q13363	CTBP1
Q13395	TARBP1
Q13398	ZNF211
Q13401	PMS2P3
Q13404	UBE2V1
Q13416	ORC2
Q13418	ILK
Q13422	IKZF1
Q13426	XRCC4
Q13461	FOXE3
Q13469	NFATC2
Q13485	SMAD4
Q13487	SNAPC2
Q13490	BIRC2
Q13492	PICALM
Q13495	MAMLD1
Q13501	SQSTM1
Q13503	MED21
Q13506	NAB1
Q13516	OLIG2
Q13526	PIN1
Q13535	ATR
Q13536	MIR9-1HG
Q13546	RIPK1
Q13547	HDAC1
Q13557	CAMK2D
Q13562	NEUROD1
Q13568	IRF5
Q13569	TDG
Q13573	SNW1
Q13616	CUL1
Q13617	CUL2
Q13618	CUL3
Q13619	CUL4A
Q13620	CUL4B
Q13625	TP53BP2
Q13627	DYRK1A
Q13635	PTCH1
Q13642	FHL1
Q13643	FHL3
Q13761	RUNX3
Q13769	THOC5
Q13772	NCOA4
Q13838	DDX39B
Q13886	KLF9
Q13887	KLF5
Q13888	GTF2H2
Q13889	GTF2H3
Q13901	C1D
Q13950	RUNX2
Q13951	CBFB
Q13952	NFYC
Q14004	CDK13
Q14005	IL16
Q14012	CAMK1
Q14103	HNRNPD
Q14106	TOB2
Q14114	LRP8
Q14119	VEZF1
Q14134	TRIM29
Q14135	VGLL4
Q14140	SERTAD2
Q14142	TRIM14
Q14145	KEAP1
Q14147	DHX34
Q14149	MORC3
Q14151	SAFB2
Q14186	TFDP1
Q14188	TFDP2
Q14190	SIM2
Q14191	WRN
Q14192	FHL2
Q14202	ZMYM3
Q14207	NPAT
Q14209	E2F2
Q14258	TRIM25
Q14332	FZD2
Q14393	GAS6
Q14469	HES1
Q14494	NFE2L1
Q14498	RBM39
Q14526	HIC1
Q14527	HLTF
Q14541	HNF4G
Q14549	GBX1
Q14565	DMC1
Q14582	MXD4
Q14584	ZNF266
Q14585	ZNF345
Q14586	ZNF267
Q14587	ZNF268
Q14588	ZNF234
Q14590	ZNF235
Q14592	ZNF460
Q14593	ZNF273
Q14653	IRF3
Q14678	KANK1
Q14679	TTLL4
Q14684	RRP1B
Q14686	NCOA6
Q14693	LPIN1
Q14765	STAT4
Q14774	HLX
Q14781	CBX2
Q14789	GOLGB1
Q147U1	ZNF846
Q14814	MEF2D
Q14839	CHD4
Q14863	POU6F1
Q14865	ARID5B
Q14872	MTF1
Q14894	CRYM
Q14919	DRAP1
Q14929	ZNF169
Q14934	NFATC4
Q14938	NFIX
Q14966	ZNF638
Q14978	NOLC1
Q14994	NR1I3
Q14995	NR1D2
Q149N8	SHPRH
Q14CW9	ATXN7L3
Q15014	MORF4L2
Q15020	SART3
Q15022	SUZ12
Q15025	TNIP1
Q15047	SETDB1
Q15048	LRRC14
Q15053	KIAA0040
Q15059	BRD3
Q15063	POSTN
Q15072	ZNF146
Q15075	EEA1
Q15078	CDK5R1
Q15109	AGER
Q15139	PRKD1
Q15170	TCEAL1
Q15173	PPP2R5B
Q15233	NONO
Q15270	NKX1-1
Q15291	RBBP5
Q15303	ERBB4
Q15306	IRF4
Q15319	POU4F3
Q15326	ZMYND11
Q15327	ANKRD1
Q15329	E2F5
Q15361	TTF1
Q15365	PCBP1
Q15366	PCBP2
Q15369	ELOC
Q15370	ELOB
Q15397	PUM3
Q15406	NR6A1
Q15418	RPS6KA1
Q15424	SAFB
Q15428	SF3A2
Q15465	SHH
Q15466	NR0B2
Q15475	SIX1
Q15528	MED22
Q15532	SS18
Q15542	TAF5
Q15543	TAF13
Q15544	TAF11
Q15545	TAF7
Q15554	TERF2
Q15560	TCEA2
Q15561	TEAD4
Q15562	TEAD2
Q15572	TAF1C
Q15573	TAF1A
Q15583	TGIF1
Q15596	NCOA2
Q15628	TRADD
Q15631	TSN
Q15637	SF1
Q15642	TRIP10
Q15643	TRIP11
Q15645	TRIP13
Q15648	MED1
Q15650	TRIP4
Q15651	HMGN3
Q15652	JMJD1C
Q15653	NFKBIB
Q15654	TRIP6
Q15672	TWIST1
Q15678	PTPN14
Q15696	ZRSR2
Q15697	ZNF174
Q15699	ALX1
Q15714	TSC22D1
Q15723	ELF2
Q15742	NAB2
Q15744	CEBPE
Q15750	TAB1
Q15759	MAPK11
Q15776	ZKSCAN8
Q15784	NEUROD2
Q15788	NCOA1
Q15796	SMAD2
Q15797	SMAD1
Q15834	CCDC85B
Q15843	NEDD8
Q15853	USF2
Q15906	VPS72
Q15910	EZH2
Q15911	ZFHX3
Q15915	ZIC1
Q15916	ZBTB6
Q15928	ZNF141
Q15929	ZNF56
Q15935	ZNF77
Q15937	ZNF79
Q15942	ZYX
Q15973	ZNF124
Q16204	CCDC6
Q16236	NFE2L2
Q16254	E2F4
Q16342	PDCD2
Q16384	SSX1
Q16385	SSX2,SSX2B
Q16512	PKN1
Q16513	PKN2
Q16514	TAF12
Q16520	BATF
Q16526	CRY1
Q16527	CSRP2
Q16531	DDB1
Q16533	SNAPC1
Q16534	HLF
Q16539	MAPK14
Q16559	TAL2
Q16566	CAMK4
Q16576	RBBP7
Q16587	ZNF74
Q16594	TAF9
Q16600	ZNF239
Q16621	NFE2
Q16629	SRSF7
Q16633	POU2AF1
Q16635	TAZ
Q16647	PTGIS
Q16649	NFIL3
Q16650	TBR1
Q16656	NRF1
Q16665	HIF1A
Q16666	IFI16
Q16670	ZSCAN26
Q16676	FOXD1
Q16678	CYP1B1
Q16832	DDR2
Q17R98	ZNF827
Q17RH7	TPRXL
Q17RP2	TIGD6
Q17RS7	GEN1
Q1PSX1	Gli2
Q1XH10	SKIDA1
Q27J81	INF2
Q2KHR2	RFX7
Q2L4T1	Pax9
Q2M1K9	ZNF423
Q2M1V0	ISX
Q2M218	ZNF630
Q2M3W8	ZNF181
Q2M3X9	ZNF674
Q2QGD7	ZXDC
Q2TAL8	QRICH1
Q2TB10	ZNF800
Q2TBA0	KLHL40
Q2VWA4	SKOR2
Q2VY69	ZNF284
Q30154	HLA-DRB5
Q32M78	ZNF699
Q32MQ0	ZNF750
Q32MZ4	LRRFIP1
Q32NB8	PGS1
Q33E94	RFX4
Q3B7T1	EDRF1
Q3B8N5	PROX2
Q3C1V8	BSX
Q3KNS6	ZNF829
Q3KNV8	PCGF3
Q3KNW1	SNAI3
Q3KP31	ZNF791
Q3KQV3	ZNF792
Q3L8U1	CHD9
Q3MIS6	ZNF528
Q3MJ62	ZSCAN23
Q3SXZ3	ZNF718
Q3SY52	ZIK1
Q3SY56	SP6
Q3SYB3	FOXD4L6
Q3T8J9	GON4L
Q3V6T2	CCDC88A
Q3ZCT1	ZNF260
Q3ZCX4	ZNF568
Q3ZLR7	SUPT20HL1
Q460N3	PARP15
Q460N5	PARP14
Q494X3	ZNF404
Q499Z4	ZNF672
Q49A26	GLYR1
Q49A33	ZNF876P
Q49AA0	ZFP69
Q49AG3	ZBED5
Q49AM1	MTERF2
Q49AN0	CRY2
Q4FZB7	KMT5B
Q4G0J3	LARP7
Q4G112	HSF5
Q4LE39	ARID4B
Q4VC44	FLYWCH1
Q4VCS5	AMOT
Q4VXU2	PABPC1L
Q4W5G0	TIGD2
Q4ZG55	GREB1
Q52LR7	EPC2
Q52M93	ZNF585B
Q53EL6	PDCD4
Q53EQ6	TIGD5
Q53ET0	CRTC2
Q53G59	KLHL12
Q53GI3	ZNF394
Q53GL7	PARP10
Q53GS9	USP39
Q53H80	AKIRIN2
Q53HV7	SMUG1
Q53QV2	LBH
Q53S33	BOLA3
Q53T94	TAF1B
Q53TQ3	INO80D
Q569K4	ZNF385B
Q56P03	EAPP
Q56P42	PYDC2
Q58F21	BRDT
Q58WW2	DCAF6
Q5BKZ1	ZNF326
Q5CZA5	ZNF805
Q5D1E8	ZC3H12A
Q5EBL2	ZNF628
Q5EBM4	ZNF542P
Q5F1R6	DNAJC21
Q5FWF6	ZNF789
Q5H9I0	TFDP3
Q5H9K5	ZMAT1
Q5H9L2	TCEAL5
Q5H9L4	TAF7L
Q5HY98	ZNF766
Q5HYK2	DKFZp313M1824
Q5HYK9	ZNF667
Q5HYM0	ZC3H12B
Q5HYR2	DMRTC1,DMRTC1B
Q5JNZ3	ZNF311
Q5JPB2	ZNF831
Q5JT82	KLF17
Q5JUK2	SOHLH1
Q5JUW0	KRBOX4
Q5JVG2	ZNF484
Q5JVG8	ZNF506
Q5JVS0	HABP4
Q5MCW4	ZNF569
Q5PRF9	SAMD4B
Q5PSV4	BRMS1L
Q5QJE6	DNTTIP2
Q5S007	LRRK2
Q5SQQ9	VAX1
Q5SSJ5	HP1BP3
Q5SVQ8	ZBTB41
Q5SVZ6	ZMYM1
Q5SWL7	PRAMEF14
Q5SWL8	PRAMEF19
Q5SXM1	ZNF678
Q5SXM2	SNAPC4
Q5SZJ8	BEND6
Q5SZQ8	CELF3
Q5T0B9	ZNF362
Q5T0F9	CC2D1B
Q5T1N1	AKNAD1
Q5T1R4	HIVEP3
Q5T200	ZC3H13
Q5T230	UTF1
Q5T3J3	LRIF1
Q5T481	RBM20
Q5T4F7	SFRP5
Q5T4S7	UBR4
Q5T5D7	ZNF684
Q5T5X7	BEND3
Q5T619	ZNF648
Q5T6S3	PHF19
Q5T7W0	ZNF618
Q5T8P6	RBM26
Q5TA31	RNF187
Q5TA89	HES5
Q5TAX3	TUT4
Q5TB30	DEPDC1
Q5TC79	ZBTB37
Q5TC82	RC3H1
Q5TD97	FHL5
Q5TEA3	DNAAF9
Q5TEC3	ZNF697
Q5TF21	SOGA3
Q5TGJ6	HDGFL1
Q5TGS1	HES3
Q5TGY3	AHDC1
Q5THR3	EFCAB6
Q5TKA1	LIN9
Q5TYW1	ZNF658
Q5TYX0	PRAMEF5
Q5TZA2	CROCC
Q5U623	ATF7IP2
Q5VIY5	ZNF468
Q5VT98	PRAMEF20
Q5VTA0	PRAMEF17
Q5VTD9	GFI1B
Q5VTR2	RNF20
Q5VUA4	ZNF318
Q5VUG0	SFMBT2
Q5VV16	FOXD4L5
Q5VV52	ZNF691
Q5VV67	PPRC1
Q5VVH5	IRAK1BP1
Q5VVJ2	MYSM1
Q5VVQ6	YOD1
Q5VWG9	TAF3
Q5VWI1	TCERG1L
Q5VWM3	PRAMEF18
Q5VWM4	PRAMEF8
Q5VWM5	PRAMEF15,PRAMEF9
Q5VWM6	PRAMEF13
Q5VWP3	MLIP
Q5VWQ8	DAB2IP
Q5VWX1	KHDRBS2
Q5VXH4	PRAMEF6
Q5VXH5	PRAMEF7
Q5VY09	IER5
Q5VYV0	FOXB2
Q5VZB9	DMRTA1
Q5VZF2	MBNL2
Q5VZL5	ZMYM4
Q5W0B1	OBI1
Q5XKL5	BTBD8
Q5XKR4	OTP
Q63HK3	ZKSCAN2
Q63HK5	TSHZ3
Q658N3	DKFZp666G145
Q659A1	ICE2
Q659C4	LARP1B
Q66K41	ZNF385C
Q66K89	E4F1
Q68CJ9	CREB3L3
Q68CP9	ARID2
Q68D60	DKFZp686N2325
Q68DB7	DKFZp781O1323
Q68DE3	USF3
Q68DI1	ZNF776
Q68DK2	ZFYVE26
Q68DY1	ZNF626
Q68DY9	ZNF772
Q68EA5	ZNF57
Q68G74	LHX8
Q69YI7	NAIF1
Q6AHZ1	ZNF518A
Q6AI39	BICRAL
Q6AW86	ZNF324B
Q6AZW8	ZNF660
Q6AZZ1	TRIM68
Q6B0B8	TIGD3
Q6B0I6	KDM4D
Q6BEB4	SP5
Q6DD87	ZNF787
Q6DJT9	PLAG1
Q6ECI4	ZNF470
Q6EKJ0	GTF2IRD2B
Q6EMB2	TTLL5
Q6FHJ7	SFRP4
Q6FIF0	ZFAND6
Q6GMV2	SMYD5
Q6GYQ0	RALGAPA1
Q6IA17	SIGIRR
Q6IA86	ELP2
Q6IAN0	DHRS7B
Q6ICG8	WBP2NL
Q6IE81	JADE1
Q6IQ21	ZNF770
Q6IQ32	ADNP2
Q6ISB3	GRHL2
Q6IV72	ZNF425
Q6K0P9	PYHIN1
Q6KC79	NIPBL
Q6L8H4	KRTAP5-1
Q6LBK7	c-myc
Q6LD48	Stat2
Q6MZP7	LIN54
Q6MZZ4	DKFZp686H0575
Q6N021	TET2
Q6N043	ZNF280D
Q6N069	NAA16
Q6NS38	ALKBH2
Q6NSI8	KIAA1841
Q6NSW7	NANOGP8
Q6NSZ9	ZSCAN25
Q6NT04	TIGD7
Q6NT76	HMBOX1
Q6NUN9	ZNF746
Q6NX45	ZNF774
Q6NX49	ZNF544
Q6NYC1	JMJD6
Q6NZI2	CAVIN1
Q6P0N0	MIS18BP1
Q6P158	DHX57
Q6P1J9	CDC73
Q6P1K2	PMF1
Q6P1K8	GTF2H2C,GTF2H2C_2
Q6P1L6	ZNF343
Q6P1N0	CC2D1A
Q6P1S2	C3orf33
Q6P1X5	TAF2
Q6P280	ZNF529
Q6P2C8	MED27
Q6P2D0	ZFP1
Q6P3V2	ZNF585A
Q6P4R8	NFRKB
Q6P995	FAM171B
Q6P9A1	ZNF530
Q6P9A3	ZNF549
Q6P9F0	CCDC62
Q6P9F5	TRIM40
Q6P9G9	ZNF449
Q6PCT2	FBXL19
Q6PD62	CTR9
Q6PDB4	ZNF880
Q6PEW1	ZCCHC12
Q6PF04	ZNF613
Q6PG37	ZNF790
Q6PI77	BHLHB9
Q6PI98	INO80C
Q6PIL6	KCNIP4
Q6PIV2	FOXR1
Q6PJG2	MIDEAS
Q6PJQ5	FOXR2
Q6PJT7	ZC3H14
Q6PK81	ZNF773
Q6PKG0	LARP1
Q6PL18	ATAD2
Q6PML9	SLC30A9
Q6QHK4	FIGLA
Q6R2W3	ZBED9
Q6RI45	BRWD3
Q6RSH7	VHLL
Q6S9Z5	ZNF474
Q6SA08	TSSK4
Q6SJ96	TBPL2
Q6STE5	SMARCD3
Q6U7Q0	ZNF322
Q6U841	SLC4A10
Q6UUV7	CRTC3
Q6UUV9	CRTC1
Q6UW60	PCSK4
Q6UWU4	C6orf89
Q6UXV1	IZUMO2
Q6V9R5	ZNF562
Q6VB84	FOXD4L3
Q6VMQ6	ATF7IP
Q6VUC0	TFAP2E
Q6W2J9	BCOR
Q6WCQ1	MPRIP
Q6XD76	ASCL4
Q6XYB7	LBX2
Q6ZMG9	CERS6
Q6ZMI0	PPP1R21
Q6ZMS4	ZNF852
Q6ZMS7	ZNF783
Q6ZMT4	KDM7A
Q6ZMU5	TRIM72
Q6ZMV8	ZNF730
Q6ZMW2	ZNF782
Q6ZMY9	ZNF517
Q6ZN01	MAMSTR
Q6ZN06	ZNF813
Q6ZN08	ZNF66
Q6ZN11	ZNF793
Q6ZN17	LIN28B
Q6ZN18	AEBP2
Q6ZN19	ZNF841
Q6ZN28	MACC1
Q6ZN30	BNC2
Q6ZN32	ETV3L
Q6ZN55	ZNF574
Q6ZN57	ZFP2
Q6ZN79	ZNF705A
Q6ZNA1	ZNF836
Q6ZNA4	RNF111
Q6ZNB6	NFXL1
Q6ZNC4	ZNF704
Q6ZNG0	ZNF620
Q6ZNG1	ZNF600
Q6ZNG2	DBX2
Q6ZNG9	KRBA2
Q6ZNH5	ZNF497
Q6ZQN5	FOXI2
Q6ZQV5	ZNF788P
Q6ZR52	ZNF493
Q6ZRS2	SRCAP
Q6ZS27	ZNF662
Q6ZSB9	ZBTB49
Q6ZSS3	ZNF621
Q6ZSZ6	TSHZ1
Q6ZTZ1	MSANTD1
Q6ZU67	BEND4
Q6ZV50	RFX8
Q6ZVD7	STOX1
Q6ZW49	PAXIP1
Q6ZXV5	TMTC3
Q6ZYL4	GTF2H5
Q70CQ2	USP34
Q70SY1	CREB3L2
Q70YC5	ZNF365
Q70Z35	PREX2
Q719H9	KCTD1
Q71F23	CENPU
Q71F56	MED13L
Q71RC2	LARP4
Q71SY5	MED25
Q71UI9	H2AZ2
Q75N03	CBLL1
Q76I76	SSH2
Q76KX8	ZNF534
Q7KZ85	SUPT6H
Q7KZF4	SND1
Q7L190	DPPA4
Q7L2R6	ZNF765
Q7L3S4	ZNF771
Q7L775	EPM2AIP1
Q7L945	ZNF627
Q7LBC6	KDM3B
Q7LC44	ARC
Q7LFL8	CXXC5
Q7RTR2	NLRC3
Q7RTS1	BHLHA15
Q7RTS3	PTF1A
Q7RTS5	OTOP3
Q7RTT5	SSX7
Q7RTU0	TCF24
Q7RTU1	TCF23
Q7RTU3	OLIG3
Q7RTU4	BHLHA9
Q7RTU5	ASCL5
Q7RTU7	SCX
Q7RTV0	PHF5A
Q7RTV3	ZNF367
Q7Z2E3	APTX
Q7Z2F6	ZNF720
Q7Z2T5	TRMT1L
Q7Z2W4	ZC3HAV1
Q7Z2X4	PID1
Q7Z2Y5	NRK
Q7Z333	SETX
Q7Z340	ZNF551
Q7Z353	HDX
Q7Z398	ZNF550
Q7Z3A3	DKFZp686M216
Q7Z3E1	TIPARP
Q7Z3F1	GPR155
Q7Z3H0	ANKRD33
Q7Z3I7	ZNF572
Q7Z3K3	POGZ
Q7Z3K6	MIER3
Q7Z3V5	ZNF571
Q7Z401	DENND4A
Q7Z417	NUFIP2
Q7Z434	MAVS
Q7Z4G1	COMMD6
Q7Z4L5	TTC21B
Q7Z4V0	ZNF438
Q7Z4V5	HDGFL2
Q7Z570	ZNF804A
Q7Z589	EMSY
Q7Z591	AKNA
Q7Z5D8	NANOGNB
Q7Z5J4	RAI1
Q7Z5J8	ANKAR
Q7Z5L9	IRF2BP2
Q7Z5Q5	POLN
Q7Z6K1	THAP5
Q7Z6M4	MTERF4
Q7Z6R9	TFAP2D
Q7Z7C8	TAF8
Q7Z7J5	DPPA2
Q7Z7K2	ZNF467
Q7Z7L9	ZSCAN2
Q7Z7M0	MEGF8
Q86SE8	NPM2
Q86SE9	PCGF5
Q86SH2	ZAR1
Q86SQ6	ADGRA1
Q86T24	ZBTB33
Q86T29	ZNF605
Q86TJ2	TADA2B
Q86TJ5	ZNF554
Q86TU7	SETD3
Q86U42	PABPN1
Q86U44	METTL3
Q86U70	LDB1
Q86U86	PBRM1
Q86UD4	ZNF329
Q86UE3	ZNF546
Q86UE4	MTDH
Q86UK7	ZNF598
Q86UP3	ZFHX4
Q86UP8	GTF2IRD2
Q86UQ0	ZNF589
Q86UQ8	NFE4
Q86UU0	BCL9L
Q86UW9	DTX2
Q86UZ6	ZBTB46
Q86V15	CASZ1
Q86V71	ZNF429
Q86V81	ALYREF
Q86VE0	MYPOP
Q86VK4	ZNF410
Q86VM9	ZC3H18
Q86VN1	VPS36
Q86VP1	TAX1BP1
Q86VP3	PACS2
Q86VP6	CAND1
Q86VX2	COMMD7
Q86VZ6	JAZF1
Q86W11	ZSCAN30
Q86WI1	PKHD1L1
Q86WI3	NLRC5
Q86WJ1	CHD1L
Q86WP2	GPBP1
Q86WT6	TRIM69
Q86WV1	SKAP1
Q86WZ6	ZNF227
Q86X02	CDR2L
Q86X29	LSR
Q86X55	CARM1
Q86X95	CIR1
Q86XF7	ZNF575
Q86XK3	SFR1
Q86XN6	ZNF761
Q86XT4	TRIM50
Q86XU0	ZNF677
Q86Y01	DTX1
Q86Y25	ZNF354C
Q86Y34	ADGRG3
Q86Y97	KMT5C
Q86YD1	PTOV1
Q86YE8	ZNF573
Q86YF9	DZIP1
Q86YH2	ZNF280B
Q86YN6	PPARGC1B
Q86YP4	GATAD2A
Q86YS3	RAB11FIP4
Q86YW9	MED12L
Q86Z02	HIPK1
Q8HWS3	RFX6
Q8IU81	IRF2BP1
Q8IU85	CAMK1D
Q8IU89	CERS3
Q8IUC6	TICAM1
Q8IUD2	ERC1
Q8IUD6	RNF135
Q8IUE0	TGIF2LY
Q8IUE1	TGIF2LX
Q8IUF8	RIOX2
Q8IUM7	NPAS4
Q8IUQ4	SIAH1
Q8IUR6	CREBRF
Q8IUX7	AEBP1
Q8IV32	CCDC71
Q8IV76	PASD1
Q8IVC4	ZNF584
Q8IVH2	FOXP4
Q8IVP9	ZNF547
Q8IVW6	ARID3B
Q8IW36	ZNF695
Q8IWA0	WDR75
Q8IWF9	CCDC83
Q8IWI9	MGA
Q8IWR0	ZC3H7A
Q8IWS0	PHF6
Q8IWV8	UBR2
Q8IWY8	ZSCAN29
Q8IWZ4	TRIM48
Q8IWZ6	BBS7
Q8IX03	WWC1
Q8IX07	ZFPM1
Q8IX12	CCAR1
Q8IX15	HOMEZ
Q8IXF0	NPAS3
Q8IXH7	NELFCD
Q8IXJ6	SIRT2
Q8IXJ9	ASXL1
Q8IXM2	BAP18
Q8IXQ6	PARP9
Q8IXT2	DMRTC2
Q8IXW5	RPAP2
Q8IXZ2	ZC3H3
Q8IXZ3	SP8
Q8IY51	TIGD4
Q8IY57	YAF2
Q8IYA7	MKX
Q8IYB9	ZNF595
Q8IYH5	ZZZ3
Q8IYI8	ZNF440
Q8IYM9	TRIM22
Q8IYN0	ZNF100
Q8IYN2	TCEAL8
Q8IYW5	RNF168
Q8IYX0	ZNF679
Q8IYX4	DND1
Q8IYY4	DZIP1L
Q8IZ13	ZBED8
Q8IZ20	ZNF683
Q8IZ26	ZNF34
Q8IZ40	RCOR2
Q8IZA3	H1-8
Q8IZC7	ZNF101
Q8IZD2	KMT2E
Q8IZL2	MAML2
Q8IZL8	PELP1
Q8IZM8	ZNF654
Q8IZP6	RNF113B
Q8IZQ8	MYOCD
Q8IZX4	TAF1L
Q8N0Y2	ZNF444
Q8N0Z2	ABRA
Q8N100	ATOH7
Q8N108	MIER1
Q8N122	RPTOR
Q8N123	CPXCR1
Q8N140	EID3
Q8N141	ZFP82
Q8N143	BCL6B
Q8N163	CCAR2
Q8N184	ZNF567
Q8N187	CARF
Q8N196	SIX5
Q8N1B3	CCNQ
Q8N1G0	ZNF687
Q8N1G1	REXO1
Q8N1H7	SIX6OS1
Q8N1L9	BATF2
Q8N1W2	ZNF710
Q8N228	SCML4
Q8N2C3	DEPDC4
Q8N2I2	ZNF619
Q8N2R0	OSR2
Q8N2W9	PIAS4
Q8N2Z9	CENPS
Q8N344	MIER2
Q8N371	KDM8
Q8N393	ZNF786
Q8N3C0	ASCC3
Q8N3F8	MICALL1
Q8N3J9	ZNF664
Q8N3S3	PHTF2
Q8N3X6	LCORL
Q8N3Y7	SDR16C5
Q8N446	ZNF843
Q8N488	RYBP
Q8N4C8	MINK1
Q8N4N3	KLHL36
Q8N4W9	ZNF808
Q8N554	ZNF276
Q8N587	ZNF561
Q8N594	MPND
Q8N5A5	ZGPAT
Q8N5B7	CERS5
Q8N5C8	TAB3
Q8N5D0	WDTC1
Q8N5F7	NKAP
Q8N5J4	SPIC
Q8N5P1	ZC3H8
Q8N5U6	RNF10
Q8N5Y2	MSL3
Q8N653	LZTR1
Q8N668	COMMD1
Q8N680	ZBTB2
Q8N693	ESX1
Q8N6I1	EID2
Q8N6T7	SIRT6
Q8N720	ZNF655
Q8N782	ZNF525
Q8N7E2	CBLL2
Q8N7G0	POU5F2
Q8N7H5	PAF1
Q8N7K0	ZNF433
Q8N7M2	ZNF283
Q8N7Q3	ZNF676
Q8N7U7	TPRX1
Q8N823	ZNF611
Q8N859	ZNF713
Q8N883	ZNF614
Q8N884	CGAS
Q8N895	ZNF366
Q8N8C0	ZNF781
Q8N8D1	PDCD7
Q8N8E2	ZNF513
Q8N8G2	VGLL2
Q8N8H1	ZNF321P
Q8N8J6	ZNF615
Q8N8K9	KIAA1958
Q8N8L2	ZNF491
Q8N8U2	CDYL2
Q8N8Y5	ZFP41
Q8N8Z8	ZNF441
Q8N972	ZNF709
Q8N988	ZNF557
Q8N9B5	JMY
Q8N9F8	ZNF454
Q8N9K5	ZNF565
Q8N9L1	ZIC4
Q8N9N2	ASCC1
Q8N9N5	BANP
Q8N9R8	SCAI
Q8N9Z0	ZNF610
Q8NA19	L3MBTL4
Q8NA31	TERB1
Q8NA42	ZNF383
Q8NA92	THAP8
Q8NAF0	ZNF579
Q8NAM6	ZSCAN4
Q8NAP3	ZBTB38
Q8NAP8	ZBTB8B
Q8NB12	SMYD1
Q8NB15	ZNF511
Q8NB42	ZNF527
Q8NB50	ZFP62
Q8NB78	KDM1B
Q8NBB4	ZSCAN1
Q8NBF1	GLIS1
Q8NBZ0	INO80E
Q8NC24	RELL2
Q8NC26	ZNF114
Q8NCA9	ZNF784
Q8NCF5	NFATC2IP
Q8NCK3	ZNF485
Q8NCN2	ZBTB34
Q8NCP5	ZBTB44
Q8NCY6	MSANTD4
Q8ND25	ZNRF1
Q8ND82	ZNF280C
Q8NDN9	RCBTB1
Q8NDP4	ZNF439
Q8NDQ6	ZNF540
Q8NDT2	RBM15B
Q8NDV7	TNRC6A
Q8NDW4	ZNF248
Q8NDX6	ZNF740
Q8NDY6	BHLHE23
Q8NE65	ZNF738
Q8NEA6	GLIS3
Q8NEF9	SRFBP1
Q8NEK5	ZNF548
Q8NEM0	MCPH1
Q8NEM1	ZNF680
Q8NEM7	SUPT20H
Q8NEP9	ZNF555
Q8NET5	NFAM1
Q8NEY8	PPHLN1
Q8NEZ4	KMT2C
Q8NF22	FLJ00380
Q8NF64	ZMIZ2
Q8NF99	ZNF397
Q8NFC6	BOD1L1
Q8NFD5	ARID1B
Q8NFH5	NUP35
Q8NFJ8	BHLHE22
Q8NFU7	TET1
Q8NFW5	DMBX1
Q8NFZ5	TNIP2
Q8NG04	SLC26A10
Q8NHM5	KDM2B
Q8NHV9	RHOXF1
Q8NHW3	MAFA
Q8NHY6	ZFP28
Q8NHZ7	MBD3L2
Q8NI08	NCOA7
Q8NI17	IL31RA
Q8NI38	NFKBID
Q8NI51	CTCFL
Q8TA94	ZNF563
Q8TAD8	SNIP1
Q8TAF7	ZNF461
Q8TAI7	RHEBL1
Q8TAK5	GABPB2
Q8TAK6	OLIG1
Q8TAP4	LMO3
Q8TAQ2	SMARCC2
Q8TAQ5	ZNF420
Q8TAU0	NKX2-3
Q8TAU3	ZNF417
Q8TAW3	ZNF671
Q8TAX0	OSR1
Q8TB24	RIN3
Q8TB45	DEPTOR
Q8TB69	ZNF519
Q8TBB0	THAP6
Q8TBC4	UBA3
Q8TBC5	ZSCAN18
Q8TBE0	BAHD1
Q8TBJ5	FEZF2
Q8TBK2	SETD6
Q8TBZ5	ZNF502
Q8TBZ8	ZNF564
Q8TC21	ZNF596
Q8TC84	FANK1
Q8TCN5	ZNF507
Q8TCP9	FAM200A
Q8TCU6	PREX1
Q8TD17	ZNF398
Q8TD23	ZNF675
Q8TD26	CHD6
Q8TD94	KLF14
Q8TDD1	DDX54
Q8TDD2	SP7
Q8TDI0	CHD5
Q8TDQ0	HAVCR2
Q8TDR4	TCP10L
Q8TDY2	RB1CC1
Q8TE12	LMX1A
Q8TE56	ADAMTS17
Q8TE59	ADAMTS19
Q8TE77	SSH3
Q8TE85	GRHL3
Q8TEK3	DOT1L
Q8TEY5	CREB3L4
Q8TF20	ZNF721
Q8TF32	ZNF431
Q8TF39	ZNF483
Q8TF45	ZNF418
Q8TF47	ZFP90
Q8TF50	ZNF526
Q8TF61	FBXO41
Q8TF68	ZNF384
Q8WTR7	ZNF473
Q8WTS6	SETD7
Q8WTT2	NOC3L
Q8WTV1	THAP3
Q8WTX9	ZDHHC1
Q8WU68	U2AF1L4
Q8WU90	ZC3H15
Q8WUA4	GTF3C2
Q8WUB8	PHF10
Q8WUF5	PPP1R13L
Q8WUH1	CHURC1
Q8WUI4	HDAC7
Q8WUM0	NUP133
Q8WUQ7	CACTIN
Q8WUU4	ZNF296
Q8WUU5	GATAD1
Q8WUY9	DEPDC1B
Q8WV37	ZNF480
Q8WV44	TRIM41
Q8WVC0	LEO1
Q8WVD3	RNF138
Q8WVD5	RNF141
Q8WVJ9	TWIST2
Q8WVL7	ANKRD49
Q8WVM0	TFB1M
Q8WVM7	STAG1
Q8WVV9	HNRNPLL
Q8WVZ1	ZDHHC19
Q8WVZ9	KBTBD7
Q8WW32	HMGB4
Q8WW38	ZFPM2
Q8WWB3	DYDC1
Q8WWB7	GLMP
Q8WWI1	LMO7
Q8WWQ0	PHIP
Q8WWY6	MBD3L1
Q8WX92	NELFB
Q8WXB4	ZNF606
Q8WXC3	PYDC1
Q8WXF1	PSPC1
Q8WXI9	GATAD2B
Q8WXS4	TMEM37
Q8WXT5	FOXD4L4
Q8WXX7	AUTS2
Q8WY36	BBX
Q8WY91	THAP4
Q8WYA1	ARNTL2
Q8WYB5	KAT6B
Q8WYH8	ING5
Q8WYK2	JDP2
Q8WYL5	SSH1
Q8WYN3	CSRNP3
Q8WYP5	AHCTF1
Q8WYR3	MITF-C
Q8WZ60	KLHL6
Q8WZA2	RAPGEF4
Q92466	DDB2
Q92481	TFAP2B
Q92499	DDX1
Q92522	H1-10
Q92539	LPIN2
Q92541	RTF1
Q92565	RAPGEF5
Q92570	NR4A3
Q92585	MAML1
Q92598	HSPH1
Q92600	CNOT9
Q92610	ZNF592
Q92613	JADE3
Q92615	LARP4B
Q92618	ZNF516
Q92664	GTF3A
Q92688	ANP32B
Q92731	ESR2
Q92748	THRSP
Q92750	TAF4B
Q92753	RORB
Q92754	TFAP2C
Q92759	GTF2H4
Q92766	RREB1
Q92769	HDAC2
Q92782	DPF1
Q92784	DPF3
Q92785	DPF2
Q92786	PROX1
Q92793	CREBBP
Q92794	KAT6A
Q92800	EZH1
Q92802	N4BP2L2
Q92804	TAF15
Q92826	HOXB13
Q92830	KAT2A
Q92831	KAT2B
Q92833	JARID2
Q92838	EDA
Q92841	DDX17
Q92858	ATOH1
Q92886	NEUROG1
Q92889	ERCC4
Q92905	COPS5
Q92908	GATA6
Q92922	SMARCC1
Q92925	SMARCD2
Q92945	KHSRP
Q92949	FOXJ1
Q92966	SNAPC3
Q92974	ARHGEF2
Q92985	IRF7
Q92988	DLX4
Q92993	KAT5
Q92994	BRF1
Q92997	DVL3
Q93009	USP7
Q93034	CUL5
Q93052	LPP
Q93062	RBPMS
Q93074	MED12
Q93098	WNT8B
Q969E4	TCEAL3
Q969G2	LHX4
Q969G3	SMARCE1
Q969H0	FBXW7
Q969J2	ZKSCAN4
Q969P6	TOP1MT
Q969R5	L3MBTL2
Q969S3	ZNF622
Q969S8	HDAC10
Q969T9	WBP2
Q969V6	MRTFA
Q969W8	ZNF566
Q969X6	UTP4
Q96A37	RNF166
Q96A47	ISL2
Q96A56	TP53INP1
Q96A61	TRIM52
Q96AE4	FUBP1
Q96AH8	RAB7B
Q96AP4	ZUP1
Q96AQ6	PBXIP1
Q96AV8	E2F7
Q96AY2	EME1
Q96B54	ZNF428
Q96B70	LENG9
Q96BA8	CREB3L1
Q96BD5	PHF21A
Q96BF6	NACC2
Q96BH1	RNF25
Q96BN2	TADA1
Q96BN8	OTULIN
Q96BR1	SGK3
Q96BR6	ZNF669
Q96BR9	ZBTB8A
Q96BS2	TESC
Q96BT3	CENPT
Q96BV0	ZNF775
Q96C00	ZBTB9
Q96C28	ZNF707
Q96C55	ZNF524
Q96CJ1	EAF2
Q96CK0	ZNF653
Q96CS4	ZNF689
Q96CT7	CCDC124
Q96CV9	OPTN
Q96CX3	ZNF501
Q96D98	EID2B
Q96DB2	HDAC11
Q96DN6	MBD6
Q96DT0	LGALS12
Q96DT7	ZBTB10
Q96E11	MRRF
Q96E29	MTERF3
Q96E39	RBMXL1
Q96EB1	ELP4
Q96EB6	SIRT1
Q96ED9	HOOK2
Q96EG3	ZNF837
Q96EI5	TCEAL4
Q96EK2	PHF21B
Q96EK4	THAP11
Q96EP0	RNF31
Q96EQ8	RNF125
Q96ES7	SGF29
Q96EY1	DNAJA3
Q96EZ8	MCRS1
Q96F24	NRBF2
Q96F44	TRIM11
Q96F45	ZNF503
Q96FA3	PELI1
Q96FA7	ZBED6CL
Q96FI4	NEIL1
Q96G23	CERS2
Q96G25	MED8
Q96G46	DUS3L
Q96GC6	ZNF274
Q96GD3	SCMH1
Q96GD4	AURKB
Q96GE5	ZNF799
Q96GM5	SMARCD1
Q96GM8	TOE1
Q96GN5	CDCA7L
Q96H12	MSANTD3
Q96H40	ZNF486
Q96H86	ZNF764
Q96HA7	TONSL
Q96HQ0	ZNF419
Q96HR3	MED30
Q96HY6	DDRGK1
Q96HZ4	HES6
Q96I24	FUBP3
Q96I25	RBM17
Q96I27	ZNF625
Q96IF1	AJUBA
Q96IK5	GMCL1
Q96IQ9	ZNF414
Q96IR2	ZNF845
Q96IS3	RAX2
Q96IT1	ZNF496
Q96IU2	ZBED3
Q96IZ0	PAWR
Q96J02	ITCH
Q96JB3	HIC2
Q96JB5	CDK5RAP3
Q96JC4	ZNF479
Q96JC9	EAF1
Q96JF6	ZNF594
Q96JG9	ZNF469
Q96JK9	MAML3
Q96JL9	ZNF333
Q96JM2	ZNF462
Q96JM3	CHAMP1
Q96JM7	L3MBTL3
Q96JN0	LCOR
Q96JP5	ZFP91
Q96JS3	PGBD1
Q96JY0	MAEL
Q96K30	RITA1
Q96K58	ZNF668
Q96K62	ZBTB45
Q96K75	ZNF514
Q96K76	USP47
Q96K80	ZC3H10
Q96K83	ZNF521
Q96KC8	DNAJC1
Q96KE9	BTBD6
Q96KG9	SCYL1
Q96KM6	ZNF512B
Q96KN3	PKNOX2
Q96KP1	EXOC2
Q96KQ7	EHMT2
Q96KR1	ZFR
Q96KS0	EGLN2
Q96L73	NSD1
Q96L91	EP400
Q96L96	ALPK3
Q96LA8	PRMT6
Q96LB3	IFT74
Q96LD4	TRIM47
Q96LI5	CNOT6L
Q96LI6	HSFY1,HSFY2
Q96LU7	MYRFL
Q96LW1	ZNF354B
Q96LW4	PRIMPOL
Q96LW9	ZSCAN31
Q96LX7	CCDC17
Q96LX8	ZNF597
Q96MA1	DMRTB1
Q96ME7	ZNF512
Q96MH2	HEXIM2
Q96MM3	ZFP42
Q96MN9	ZNF488
Q96MR9	ZNF560
Q96MU6	ZNF778
Q96MW7	TIGD1
Q96MX3	ZNF48
Q96N20	ZNF75A
Q96N22	ZNF681
Q96N38	ZNF714
Q96N58	ZNF578
Q96N77	ZNF641
Q96N95	ZNF396
Q96NB3	ZNF830
Q96NC0	ZMAT2
Q96ND8	ZNF583
Q96NG5	ZNF558
Q96NG8	ZNF582
Q96NI8	ZNF570
Q96NJ3	ZNF285
Q96NJ6	ZFP3
Q96NK8	NEUROD6
Q96NL3	ZNF599
Q96NM4	TOX2
Q96NU1	SAMD11
Q96NX9	DACH2
Q96NY9	MUS81
Q96NZ1	FOXN4
Q96NZ9	PRAP1
Q96P16	RPRD1A
Q96P20	NLRP3
Q96PE6	ZIM3
Q96PK6	RBM14
Q96PM9	ZNF385A
Q96PN7	TRERF1
Q96PQ6	ZNF317
Q96PQ7	KLHL5
Q96PT3	DUX5
Q96PT4	DUX3
Q96PU4	UHRF2
Q96PU5	NEDD4L
Q96PY5	FMNL2
Q96Q05	TRAPPC9
Q96QC0	PPP1R10
Q96QD5	DEPDC7
Q96QH2	PRAM1
Q96QR8	PURB
Q96QS3	ARX
Q96QT6	PHF12
Q96RE7	NACC1
Q96RE9	ZNF300
Q96RI1	NR1H4
Q96RJ6	FERD3L
Q96RK0	CIC
Q96RK1	CITED4
Q96RL1	UIMC1
Q96RN5	MED15
Q96RS0	TGS1
Q96RT1	ERBIN
Q96RU7	TRIB3
Q96RU8	TRIB1
Q96RY5	CRAMP1
Q96S42	NODAL
Q96S55	WRNIP1
Q96S65	CSRNP1
Q96SC8	DMRTA2
Q96SE7	ZNF347
Q96SF7	TBX15
Q96SK3	ZNF607
Q96SL8	FIZ1
Q96SQ5	ZNF587
Q96SQ7	ATOH8
Q96SR6	ZNF382
Q96ST3	SIN3A
Q96SZ4	ZSCAN10
Q96T23	RSF1
Q96T25	ZIC5
Q96T37	RBM15
Q96T58	SPEN
Q96T60	PNKP
Q96T68	SETDB2
Q96T76	MMS19
Q96T88	UHRF1
Q96T92	INSM2
Q96TA1	NIBAN2
Q99081	TCF12
Q99417	MYCBP
Q99453	PHOX2B
Q99459	CDC5L
Q99466	NOTCH4
Q99471	PFDN5
Q99490	AGAP2
Q99496	RNF2
Q99497	PARK7
Q99502	EYA1
Q99504	EYA3
Q99527	GPER1
Q99543	DNAJC2
Q99549	MPHOSPH8
Q99551	MTERF1
Q99576	TSC22D3
Q99578	RIT2
Q99581	FEV
Q99583	MNT
Q99592	ZBTB18
Q99593	TBX5
Q99594	TEAD3
Q99598	TSNAX
Q99607	ELF4
Q99608	NDN
Q99612	KLF6
Q99613	EIF3C
Q99623	PHB2
Q99626	CDX2
Q99653	CHP1
Q99676	ZNF184
Q99684	GFI1
Q99687	MEIS3
Q99697	PITX2
Q99700	ATXN2
Q99708	RBBP8
Q99717	SMAD5
Q99729	HNRNPAB
Q99732	LITAF
Q99741	CDC6
Q99742	NPAS1
Q99743	NPAS2
Q99750	MDFI
Q99788	CMKLR1
Q99801	NKX3-1
Q99811	PRRX2
Q99814	EPAS1
Q99816	TSG101
Q99828	CIB1
Q99835	SMO
Q99836	MYD88
Q99853	FOXB1
Q99856	ARID3A
Q99873	PRMT1
Q99909	SSX3
Q99929	ASCL2
Q99932	SPAG8
Q99933	BAG1
Q99941	ATF6B
Q99958	FOXC2
Q99966	CITED1
Q99967	CITED2
Q99990	VGLL1
Q99996	AKAP9
Q9BPY8	HOPX
Q9BQ15	NABP2
Q9BQ70	TCF25
Q9BQ87	TBL1Y
Q9BQA1	WDR77
Q9BQA5	HINFP
Q9BQG0	MYBBP1A
Q9BQI4	CCDC3
Q9BQI9	NRIP2
Q9BQK8	LPIN3
Q9BQW3	EBF4
Q9BQY4	RHOXF2
Q9BR39	JPH2
Q9BR84	ZNF559
Q9BRG1	VPS25
Q9BRH9	ZNF251
Q9BRJ9	MESP1
Q9BRP0	OVOL2
Q9BRQ0	PYGO2
Q9BRR0	ZKSCAN3
Q9BRS8	LARP6
Q9BRU2	TCEAL7
Q9BRZ2	TRIM56
Q9BS31	ZNF649
Q9BS34	ZNF670
Q9BSG1	ZNF2
Q9BSK1	ZNF577
Q9BSK4	FEM1A
Q9BSM1	PCGF1
Q9BT09	CNPY3
Q9BT40	INPP5K
Q9BT43	POLR3GL
Q9BT49	THAP7
Q9BT78	COPS4
Q9BT81	SOX7
Q9BTA9	WAC
Q9BTC0	DIDO1
Q9BTC8	MTA3
Q9BTK6	PAGR1
Q9BTL4	IER2
Q9BTP6	ZBED2
Q9BTP7	FAAP24
Q9BTT0	ANP32E
Q9BTT4	MED10
Q9BU19	ZNF692
Q9BUE0	MED18
Q9BUG6	ZSCAN5A
Q9BUI4	POLR3C
Q9BUJ2	HNRNPUL1
Q9BUP3	HTATIP2
Q9BUY5	ZNF426
Q9BUZ4	TRAF4
Q9BV47	DUSP26
Q9BV97	ZNF747
Q9BVG3	TRIM62
Q9BVI0	PHF20
Q9BVI4	NOC4L
Q9BVP2	GNL3
Q9BVS4	RIOK2
Q9BW11	MXD3
Q9BW27	NUP85
Q9BWE0	REPIN1
Q9BWG4	SSBP4
Q9BWM5	ZNF416
Q9BWW4	SSBP3
Q9BWW7	SCRT1
Q9BWX5	GATA5
Q9BX63	BRIP1
Q9BX70	BTBD2
Q9BX82	ZNF471
Q9BXA9	SALL3
Q9BXB1	LGR4
Q9BXF3	CECR2
Q9BXG8	SPZ1
Q9BXI2	SLC25A2
Q9BXJ9	NAA15
Q9BXK1	KLF16
Q9BXL6	CARD14
Q9BXL7	CARD11
Q9BXM7	PINK1
Q9BXP5	SRRT
Q9BXQ6	TMEM121B
Q9BXW9	FANCD2
Q9BXX3	ANKRD30A
Q9BY12	SCAPER
Q9BY31	ZNF717
Q9BY41	HDAC8
Q9BY66	KDM5D
Q9BYE0	HES7
Q9BYE7	PCGF6
Q9BYH8	NFKBIZ
Q9BYJ4	TRIM34
Q9BYK8	HELZ2
Q9BYM8	RBCK1
Q9BYN7	ZNF341
Q9BYP9	KRTAP9-9
Q9BYU1	PBX4
Q9BYV9	BACH2
Q9BYW2	SETD2
Q9BZ95	NSD3
Q9BZB8	CPEB1
Q9BZE0	GLIS2
Q9BZE3	BARHL1
Q9BZI1	IRX2
Q9BZK7	TBL1XR1
Q9BZL6	PRKD2
Q9BZM3	GSX2
Q9BZR9	TRIM8
Q9BZS1	FOXP3
Q9BZY9	TRIM31
Q9C005	DPY30
Q9C009	FOXQ1
Q9C019	TRIM15
Q9C026	TRIM9
Q9C030	TRIM6
Q9C035	TRIM5
Q9C037	TRIM4
Q9C056	NKX6-2
Q9C086	INO80B
Q9C0A1	ZFHX2
Q9C0B0	UNK
Q9C0C6	CIPC
Q9C0C9	UBE2O
Q9C0D4	ZNF518B
Q9C0F3	ZNF436
Q9C0G0	ZNF407
Q9C0H6	KLHL4
Q9C0J9	BHLHE41
Q9C0K0	BCL11B
Q9C0K3	ACTR3C
Q9GZN1	ACTR6
Q9GZN2	TGIF2
Q9GZQ3	COMMD5
Q9GZR2	REXO4
Q9GZS3	WDR61
Q9GZT8	NIF3L1
Q9GZT9	EGLN1
Q9GZU2	PEG3
Q9GZU7	CTDSP1
Q9GZV1	ANKRD2
Q9GZV5	WWTR1
Q9GZV8	PRDM14
Q9GZW5	SCAND2P
Q9GZX5	ZNF350
Q9GZZ0	HOXD1
Q9H000	MKRN2
Q9H009	NACA2
Q9H015	SLC22A4
Q9H063	MAF1
Q9H0A0	NAT10
Q9H0A8	COMMD4
Q9H0B3	IQCN
Q9H0C5	BTBD1
Q9H0D2	ZNF541
Q9H0D6	XRN2
Q9H0E3	SAP130
Q9H0E9	BRD8
Q9H0J9	PARP12
Q9H0M0	WWP1
Q9H0M5	ZNF700
Q9H0N5	PCBD2
Q9H0W7	THAP2
Q9H116	GZF1
Q9H147	DNTTIP1
Q9H161	ALX4
Q9H165	BCL11A
Q9H171	ZBP1
Q9H175	CSRNP2
Q9H1B7	IRF2BPL
Q9H1D9	POLR3F
Q9H1E3	NUCKS1
Q9H1I8	ASCC2
Q9H1K0	RBSN
Q9H204	MED28
Q9H2A3	NEUROG2
Q9H2C1	LHX5
Q9H2D6	TRIOBP
Q9H2F5	EPC1
Q9H2G4	TSPYL2
Q9H2G9	BLZF1
Q9H2H0	CXXC4
Q9H2P0	ADNP
Q9H2S9	IKZF4
Q9H2U1	DHX36
Q9H2W2	MIXL1
Q9H2X6	HIPK2
Q9H2Y7	ZNF106
Q9H2Z4	NKX2-4
Q9H305	CDIP1
Q9H334	FOXP1
Q9H3D4	TP63
Q9H3H1	TRIT1
Q9H3H9	TCEAL2
Q9H3K6	BOLA2,BOLA2B
Q9H3M7	TXNIP
Q9H3M9	ATXN3L
Q9H3P2	NELFA
Q9H3R0	KDM4C
Q9H3S1	SEMA4A
Q9H422	HIPK3
Q9H4B4	PLK3
Q9H4B6	SAV1
Q9H4I2	ZHX3
Q9H4L7	SMARCAD1
Q9H4M7	PLEKHA4
Q9H4P4	RNF41
Q9H4Q3	PRDM13
Q9H4Q4	PRDM12
Q9H4R4	NCOR1P1
Q9H4S2	GSX1
Q9H4T2	ZSCAN16
Q9H4W6	EBF3
Q9H4X1	RGCC
Q9H4Z2	ZNF335
Q9H501	ESF1
Q9H582	ZNF644
Q9H583	HEATR1
Q9H5H4	ZNF768
Q9H5I1	SUV39H2
Q9H5J0	ZBTB3
Q9H5J8	TAF1D
Q9H5L6	THAP9
Q9H5Q4	TFB2M
Q9H5V7	IKZF5
Q9H609	ZNF576
Q9H6B1	ZNF385D
Q9H6E5	TUT1
Q9H6I2	SOX17
Q9H6R0	DHX33
Q9H6U6	BCAS3
Q9H6W3	RIOX1
Q9H6Z9	EGLN3
Q9H707	ZNF552
Q9H7B4	SMYD3
Q9H7E2	TDRD3
Q9H7L9	SUDS3
Q9H7R0	ZNF442
Q9H7R5	ZNF665
Q9H7S9	ZNF703
Q9H7X3	ZNF696
Q9H7Z6	KAT8
Q9H808	TLE6
Q9H869	YY1AP1
Q9H898	ZMAT4
Q9H8G1	ZNF430
Q9H8H0	NOL11
Q9H8M2	BRD9
Q9H8N7	ZNF395
Q9H8U3	ZFAND3
Q9H8X9	ZDHHC11
Q9H8Y1	VRTN
Q9H8Y5	ANKZF1
Q9H930	SP140L
Q9H944	MED20
Q9H963	ZNF702P
Q9H981	ACTR8
Q9H9A5	CNOT10
Q9H9B1	EHMT1
Q9H9D4	ZNF408
Q9H9E1	ANKRA2
Q9H9F9	ACTR5
Q9H9L4	KANSL2
Q9H9L7	AKIRIN1
Q9H9P5	UNKL
Q9H9S0	NANOG
Q9H9T3	ELP3
Q9H9Y6	POLR1B
Q9H9Z2	LIN28A
Q9HA38	ZMAT3
Q9HA82	CERS4
Q9HAF1	MEAF6
Q9HAH1	ZNF556
Q9HAJ7	SAP30L
Q9HAK2	EBF2
Q9HAP2	MLXIP
Q9HAU4	SMURF2
Q9HAV4	XPO5
Q9HAV5	EDA2R
Q9HAW0	BRF2
Q9HAZ2	PRDM16
Q9HB31	SEBOX
Q9HB58	SP110
Q9HB65	ELL3
Q9HB75	PIDD1
Q9HBD1	RC3H2
Q9HBE1	PATZ1
Q9HBH7	BEX1
Q9HBM6	TAF9B
Q9HBT7	ZNF287
Q9HBT8	ZNF286A
Q9HBU1	BARX1
Q9HBZ2	ARNT2
Q9HC16	APOBEC3G
Q9HC29	NOD2
Q9HC44	GPBP1L1
Q9HC52	CBX8
Q9HC62	SENP2
Q9HC77	CENPJ
Q9HC78	ZBTB20
Q9HCC6	HES4
Q9HCD5	NCOA5
Q9HCE3	ZNF532
Q9HCE7	SMURF1
Q9HCG1	ZNF160
Q9HCK0	ZBTB26
Q9HCK8	CHD8
Q9HCL3	ZFP14
Q9HCM2	PLXNA4
Q9HCM3	KIAA1549
Q9HCM9	TRIM39
Q9HCS4	TCF7L1
Q9HCU5	PREB
Q9HCU9	BRMS1
Q9HCX3	ZNF304
Q9HCZ1	ZNF334
Q9HD15	SRA1
Q9HD42	CHMP1A
Q9HD90	NEUROD4
Q9NP08	HMX1
Q9NP62	GCM1
Q9NP66	HMG20A
Q9NP71	MLXIPL
Q9NP77	SSU72
Q9NP87	POLM
Q9NPA8	ENY2
Q9NPC7	MYNN
Q9NPC8	SIX2
Q9NPF5	DMAP1
Q9NPG3	UBN1
Q9NPH3	IL1RAP
Q9NPI1	BRD7
Q9NPI6	DCP1A
Q9NPJ4	PNRC2
Q9NPJ6	MED4
Q9NPP4	NLRC4
Q9NQ03	SCRT2
Q9NQ33	ASCL3
Q9NQ35	NRIP3
Q9NQ48	LZTFL1
Q9NQ66	PLCB1
Q9NQ69	LHX9
Q9NQ87	HEYL
Q9NQ92	COPRS
Q9NQB0	TCF7L2
Q9NQC1	JADE2
Q9NQC7	CYLD
Q9NQG5	RPRD1B
Q9NQL9	DMRT3
Q9NQR1	KMT5A
Q9NQU5	PAK6
Q9NQV5	PRDM11
Q9NQV6	PRDM10
Q9NQV7	PRDM9
Q9NQV8	PRDM8
Q9NQW5	PRDM7
Q9NQX0	PRDM6
Q9NQX1	PRDM5
Q9NQX6	ZNF331
Q9NQZ8	ZNF71
Q9NR11	ZNF302
Q9NR22	PRMT8
Q9NR33	POLE4
Q9NR48	ASH1L
Q9NR55	BATF3
Q9NR56	MBNL1
Q9NR64	KLHL1
Q9NR83	SLC2A4RG
Q9NR96	TLR9
Q9NRC8	SIRT7
Q9NRE2	TSHZ2
Q9NRF9	POLE3
Q9NRG0	CHRAC1
Q9NRG4	SMYD2
Q9NRJ4	TULP4
Q9NRL2	BAZ1A
Q9NRM2	ZNF277
Q9NRP7	STK36
Q9NRR1	CYTL1
Q9NRR4	DROSHA
Q9NRW4	DUSP22
Q9NRY4	ARHGAP35
Q9NRZ9	HELLS
Q9NS37	CREBZF
Q9NS56	TOPORS
Q9NS61	KCNIP2
Q9NS86	LANCL2
Q9NS87	KIF15
Q9NSA3	CTNNBIP1
Q9NSC2	SALL1
Q9NSD4	ZNF275
Q9NSD9	FARSB
Q9NSI6	BRWD1
Q9NSU2	TREX1
Q9NT68	TENM2
Q9NTG7	SIRT3
Q9NTI5	PDS5B
Q9NTW7	ZFP64
Q9NU39	FOXD4L1
Q9NU63	ZFP57
Q9NUA8	ZBTB40
Q9NUK0	MBNL3
Q9NUQ3	TXLNG
Q9NUW8	TDP1
Q9NUX5	POT1
Q9NV56	MRGBP
Q9NV72	ZNF701
Q9NVC6	MED17
Q9NVD3	SETD4
Q9NVM4	PRMT7
Q9NVP2	ASF1B
Q9NVV9	THAP1
Q9NVW2	RLIM
Q9NW07	ZNF358
Q9NW64	RBM22
Q9NWA0	MED9
Q9NWB6	ARGLU1
Q9NWH9	SLTM
Q9NWS0	PIH1D1
Q9NWS9	ZNF446
Q9NWT6	HIF1AN
Q9NWT8	AURKAIP1
Q9NX08	COMMD8
Q9NX24	NHP2
Q9NX45	SOHLH2
Q9NX58	LYAR
Q9NX63	CHCHD3
Q9NX65	ZSCAN32
Q9NX70	MED29
Q9NX78	TMEM260
Q9NXA8	SIRT5
Q9NXH9	TRMT1
Q9NXR8	ING3
Q9NXS3	KLHL28
Q9NXT0	ZNF586
Q9NY43	BARHL2
Q9NY61	AATF
Q9NYA1	SPHK1
Q9NYB0	TERF2IP
Q9NYD6	HOXC10
Q9NYF0	DACT1
Q9NYF8	BCLAF1
Q9NYJ8	TAB2
Q9NYT0	PLEK2
Q9NYT6	ZNF226
Q9NYV4	CDK12
Q9NYV6	RRN3
Q9NYW8	RBAK
Q9NZ43	USE1
Q9NZC4	EHF
Q9NZC7	WWOX
Q9NZC9	SMARCAL1
Q9NZI2	KCNIP1
Q9NZI5	GRHL1
Q9NZI6	TFCP2L1
Q9NZI7	UBP1
Q9NZL3	ZNF224
Q9NZM4	BICRA
Q9NZN8	CNOT2
Q9NZR4	VSX1
Q9NZU5	LMCD1
Q9NZV7	ZIM2
Q9P000	COMMD9
Q9P016	THYN1
Q9P031	CCDC59
Q9P086	MED11
Q9P0J0	NDUFA13
Q9P0J7	KCMF1
Q9P0K8	FOXJ2
Q9P0L1	ZKSCAN7
Q9P0M6	MACROH2A2
Q9P0T4	ZNF581
Q9P0U3	SENP1
Q9P0U4	CXXC1
Q9P0W2	HMG20B
Q9P1U1	ACTR3B
Q9P1Y6	PHRF1
Q9P1Z0	ZBTB4
Q9P1Z2	CALCOCO1
Q9P215	POGK
Q9P243	ZFAT
Q9P255	ZNF492
Q9P267	MBD5
Q9P281	BAHCC1
Q9P2D1	CHD7
Q9P2E3	ZNFX1
Q9P2F5	STOX2
Q9P2F9	ZNF319
Q9P2G3	KLHL14
Q9P2G9	KLHL8
Q9P2J8	ZNF624
Q9P2K3	RCOR3
Q9P2K5	MYEF2
Q9P2K6	KLHL42
Q9P2K8	EIF2AK4
Q9P2K9	DISP3
Q9P2N5	RBM27
Q9P2N7	KLHL13
Q9P2R6	RERE
Q9P2W1	PSMC3IP
Q9P2Y4	ZNF219
Q9P2Z0	THAP10
Q9UBB5	MBD2
Q9UBC0	ONECUT1
Q9UBC1	NFKBIL1
Q9UBC3	DNMT3B
Q9UBD0	HSFX1,HSFX2
Q9UBE8	NLK
Q9UBG7	RBPJL
Q9UBI1	COMMD3
Q9UBK2	PPARGC1A
Q9UBK9	UXT
Q9UBL3	ASH2L
Q9UBN7	HDAC6
Q9UBP5	HEY2
Q9UBP9	GULP1
Q9UBQ5	EIF3K
Q9UBQ7	GRHPR
Q9UBR4	LHX3
Q9UBS5	GABBR1
Q9UBS8	RNF14
Q9UBT6	POLK
Q9UBU8	MORF4L1
Q9UBW7	ZMYM2
Q9UBX0	HESX1
Q9UBX2	DUX4
Q9UBZ9	REV1
Q9UC06	ZNF70
Q9UC07	ZNF69
Q9UD57	NKX1-2
Q9UDR5	AASS
Q9UDV6	ZNF212
Q9UDV7	ZNF282
Q9UDW3	ZMAT5
Q9UDY6	TRIM10
Q9UDY8	MALT1
Q9UEG4	ZNF629
Q9UER7	DAXX
Q9UFB7	ZBTB47
Q9UFF9	CNOT8
Q9UFW8	CGGBP1
Q9UGL1	KDM5B
Q9UGP4	LIMD1
Q9UGP5	POLL
Q9UGR2	ZC3H7B
Q9UGU0	TCF20
Q9UGU5	HMGXB4
Q9UH17	APOBEC3B
Q9UH73	EBF1
Q9UH77	KLHL3
Q9UH92	MLX
Q9UHA2	SS18L2
Q9UHB6	LIMA1
Q9UHB7	AFF4
Q9UHC7	MKRN1
Q9UHF7	TRPS1
Q9UHI6	DDX20
Q9UHJ3	SFMBT1
Q9UHK0	NUFIP1
Q9UHL9	GTF2IRD1
Q9UHR5	SAP30BP
Q9UHV2	SERTAD1
Q9UHV7	MED13
Q9UHX1	PUF60
Q9UI36	DACH1
Q9UI95	MAD2L2
Q9UID6	ZNF639
Q9UIE0	ZNF230
Q9UIF8	BAZ2B
Q9UIF9	BAZ2A
Q9UIG0	BAZ1B
Q9UIH9	KLF15
Q9UII5	ZNF107
Q9UIL1	SCOC
Q9UIS9	MBD1
Q9UIU6	SIX4
Q9UIV1	CNOT7
Q9UIW0	VAX2
Q9UIW2	PLXNA1
Q9UJ78	ZMYM5
Q9UJD0	RIMS3
Q9UJL9	ZFP69B
Q9UJN7	ZNF391
Q9UJP4	KLHL21
Q9UJQ4	SALL4
Q9UJU2	LEF1
Q9UJU3	ZNF112
Q9UJU5	FOXD3
Q9UJV3	MID2
Q9UJV8	PURG
Q9UJW3	DNMT3L
Q9UJW7	ZNF229
Q9UJW8	ZNF180
Q9UJW9	SERTAD3
Q9UJX6	ANAPC2
Q9UK10	ZNF225
Q9UK11	ZNF223
Q9UK12	ZNF222
Q9UK13	ZNF221
Q9UK33	ZNF580
Q9UK39	NOCT
Q9UK53	ING1
Q9UK61	TASOR
Q9UK80	USP21
Q9UKB1	FBXW11
Q9UKD1	GMEB2
Q9UKI9	POU2F3
Q9UKJ3	GPATCH8
Q9UKK9	NUDT5
Q9UKL0	RCOR1
Q9UKL3	CASP8AP2
Q9UKM9	RALY
Q9UKN5	PRDM4
Q9UKN8	GTF3C4
Q9UKS7	IKZF2
Q9UKT4	FBXO5
Q9UKT9	IKZF3
Q9UKV0	HDAC9
Q9UKV8	AGO2
Q9UKW6	ELF5
Q9UKY1	ZHX1
Q9UKZ1	CNOT11
Q9UKZ4	TENM1
Q9UL17	TBX21
Q9UL18	AGO1
Q9UL36	ZNF236
Q9UL40	ZNF346
Q9UL49	TCFL5
Q9UL58	ZNF215
Q9UL59	ZNF214
Q9UL68	MYT1L
Q9ULD4	BRPF3
Q9ULD5	ZNF777
Q9ULD9	ZNF608
Q9ULF5	SLC39A10
Q9ULG1	INO80
Q9ULH7	MRTFB
Q9ULJ3	ZBTB21
Q9ULJ6	ZMIZ1
Q9ULK4	MED23
Q9ULL4	PLXNB3
Q9ULL5	PRR12
Q9ULM2	ZNF490
Q9ULM3	YEATS2
Q9ULM6	CNOT6
Q9ULU4	ZMYND8
Q9ULV1	FZD4
Q9ULV3	CIZ1
Q9ULV5	HSF4
Q9ULW3	ABT1
Q9ULX5	RNF112
Q9ULX6	AKAP8L
Q9ULX9	MAFF
Q9ULZ3	PYCARD
Q9UM07	PADI4
Q9UM47	NOTCH3
Q9UM54	MYO6
Q9UM63	PLAGL1
Q9UM73	ALK
Q9UMN6	KMT2B
Q9UMQ3	BARX2
Q9UMR3	TBX20
Q9UMS5	PHTF1
Q9UMX1	SUFU
Q9UN30	SCML1
Q9UN79	SOX13
Q9UNA4	POLI
Q9UNG2	TNFSF18
Q9UNH7	SNX6
Q9UNI6	DUSP12
Q9UNL4	ING4
Q9UNN4	GTF2A1L
Q9UNP9	PPIE
Q9UNQ0	ABCG2
Q9UNS1	TIMELESS
Q9UNS2	COPS3
Q9UNY4	TTF2
Q9UNY5	ZNF232
Q9UP38	FZD1
Q9UPG8	PLAGL2
Q9UPM6	LHX6
Q9UPN3	MACF1
Q9UPN9	TRIM33
Q9UPP1	PHF8
Q9UPQ4	TRIM35
Q9UPR6	ZFR2
Q9UPS6	SETD1B
Q9UPT8	ZC3H4
Q9UPT9	USP22
Q9UPV9	TRAK1
Q9UPW0	FOXJ3
Q9UPW6	SATB2
Q9UQ80	PA2G4
Q9UQ84	EXO1
Q9UQ88	CDK11A
Q9UQB3	CTNND2
Q9UQE7	SMC3
Q9UQF2	MAPK8IP1
Q9UQL6	HDAC5
Q9UQM7	CAMK2A
Q9UQR0	SCML2
Q9UQR1	ZNF148
Q9Y222	DMTF1
Q9Y224	RTRAF
Q9Y225	RNF24
Q9Y230	RUVBL2
Q9Y232	CDYL
Q9Y239	NOD1
Q9Y242	TCF19
Q9Y250	LZTS1
Q9Y252	RNF6
Q9Y253	POLH
Q9Y261	FOXA2
Q9Y265	RUVBL1
Q9Y272	RASD1
Q9Y285	FARSA
Q9Y294	ASF1A
Q9Y297	BTRC
Q9Y2A4	ZNF443
Q9Y2B9	PKIG
Q9Y2C4	EXOG
Q9Y2D1	ATF5
Q9Y2D9	ZNF652
Q9Y2F5	ICE1
Q9Y2F9	BTBD3
Q9Y2G1	MYRF
Q9Y2G7	ZFP30
Q9Y2H8	ZNF510
Q9Y2I7	PIKFYVE
Q9Y2J8	PADI2
Q9Y2K1	ZBTB1
Q9Y2K7	KDM2A
Q9Y2L8	ZKSCAN5
Q9Y2M0	FAN1
Q9Y2N7	HIF3A
Q9Y2P0	ZNF835
Q9Y2P7	ZNF256
Q9Y2Q1	ZNF257
Q9Y2T1	AXIN2
Q9Y2T7	YBX2
Q9Y2V2	CARHSP1
Q9Y2V3	RAX
Q9Y2W1	THRAP3
Q9Y2W7	KCNIP3
Q9Y2X0	MED16
Q9Y2X9	ZNF281
Q9Y2Y0	ARL2BP
Q9Y2Y4	ZBTB32
Q9Y2Y9	KLF13
Q9Y330	ZBTB12
Q9Y3C7	MED31
Q9Y3D2	MSRB2
Q9Y3E1	HDGFL3
Q9Y3E2	BOLA1
Q9Y3E7	CHMP3
Q9Y3F4	STRAP
Q9Y3L5	RAP2C
Q9Y3M2	CBY1
Q9Y3M9	ZNF337
Q9Y3Q8	TSC22D4
Q9Y3R0	GRIP1
Q9Y3S2	ZNF330
Q9Y3T9	NOC2L
Q9Y3V2	RWDD3
Q9Y3Y2	CHTOP
Q9Y3Y4	PYGO1
Q9Y458	TBX22
Q9Y462	ZNF711
Q9Y463	DYRK1B
Q9Y466	NR2E1
Q9Y467	SALL2
Q9Y468	L3MBTL1
Q9Y473	ZNF175
Q9Y483	MTF2
Q9Y4A0	JRKL
Q9Y4A5	TRRAP
Q9Y4A8	NFE2L3
Q9Y4B6	DCAF1
Q9Y4C1	KDM3A
Q9Y4D7	PLXND1
Q9Y4E5	ZNF451
Q9Y4E8	USP15
Q9Y4I5	TESMIN
Q9Y4K0	LOXL2
Q9Y4K3	TRAF6
Q9Y4L5	RNF115
Q9Y4X4	KLF12
Q9Y4Z2	NEUROG3
Q9Y508	RNF114
Q9Y534	CSDC2
Q9Y543	HES2
Q9Y572	RIPK3
Q9Y577	TRIM17
Q9Y5A6	ZSCAN21
Q9Y5B0	CTDP1
Q9Y5B6	PAXBP1
Q9Y5B9	SUPT16H
Q9Y5J3	HEY1
Q9Y5K5	UCHL5
Q9Y5P8	PPP2R3B
Q9Y5Q3	MAFB
Q9Y5Q8	GTF3C5
Q9Y5Q9	GTF3C3
Q9Y5R5	DMRT2
Q9Y5R6	DMRT1
Q9Y5T5	USP16
Q9Y5V0	ZNF706
Q9Y5V3	MAGED1
Q9Y5W3	KLF2
Q9Y5X4	NR2E3
Q9Y5Z7	HCFC2
Q9Y603	ETV7
Q9Y608	LRRFIP2
Q9Y613	FHOD1
Q9Y616	IRAK3
Q9Y618	NCOR2
Q9Y651	SOX21
Q9Y675	SNURF
Q9Y692	GMEB1
Q9Y6A4	CFAP20
Q9Y6B2	EID1
Q9Y6F7	CDY2A,CDY2B
Q9Y6F8	CDY1,CDY1B
Q9Y6G5	COMMD10
Q9Y6H1	CHCHD2
Q9Y6I4	USP3
Q9Y6J9	TAF6L
Q9Y6K1	DNMT3A
Q9Y6K9	IKBKG
Q9Y6Q2	STON1
Q9Y6Q3	ZFP37
Q9Y6Q6	TNFRSF11A
Q9Y6Q9	NCOA3
Q9Y6R6	ZNF780B
Q9Y6X0	SETBP1
Q9Y6X2	PIAS3
Q9Y6X8	ZHX2
Q9Y6Y0	IVNS1ABP
Q9Y6Y1	CAMTA1
S0BDY6	Bach2
U3KQ54	PMF1-BGLAP
V9HW92	HEL-S-112
V9HWA7	HEL23
V9HWI2	HEL104
P0CJ85	DUX4L2
P0CJ86	DUX4L3
P0CJ87	DUX4L4
P0CJ88	DUX4L5
P0CJ89	DUX4L6
P0CJ90	DUX4L7
Q6RFH8	DUX4L9
A0A1W2PQ73	ERFL
A0A1W2PRP0	FOXL3
A6NDR6	MEIS3P1
A8K0S8	MEIS3P2
P12525	MYCLP1
Q8N7R0	NANOGP1
P52743	ZNF137P
Q9NSJ1	ZNF355P
Q4V348	ZNF658B
A8MVS1	ZNF705F
A8MTY0	ZNF724
Q15940	ZNF726P1
Q92670	ZNF75CP
Q6ZRF7	ZNF818P
Q6ZT77	ZNF826P
Q6ZTB9	ZNF833P
A6NDX5	ZNF840P
O60384	ZNF861P
A6NGD5	ZSCAN5C
A0A1B0GTU1	ZC3H11B
A0A1B0GVX0	LITAFD
A6QL63	BTBD11
B2RPK0	HMGB1P1
P0CB48	UBTFL6
Q14602	ID2B
Q5VYS8	TUT7
Q8N3U4	STAG2
Q8WYA6	CTNNBL1
Q96L42	KCNH8
Q9BWX1	PHF7
Q9P1U0	POLR1H
